Features,ICC_value,p_value,Repeatability
original_shape_Elongation,0.900344703689969,2.76474638481808e-09,Excellent
original_shape_Flatness,0.902350440646293,2.25465075363002e-09,Excellent
original_shape_MeshVolume,0.979190197746389,2.88116806045e-16,Excellent
original_shape_SurfaceVolumeRatio,0.857891697260759,9.36508885798634e-08,Good
original_firstorder_10Percentile,0.842363909624174,2.58041336388985e-07,Good
original_firstorder_90Percentile,0.962925436862054,1.14913245840114e-13,Excellent
original_firstorder_Entropy,0.609800306788081,0.001070079245371,Poor
original_firstorder_InterquartileRange,0.719105398968907,6.01217769329175e-05,Poor
original_firstorder_Kurtosis,0.829529091951504,5.51377128179781e-07,Good
original_firstorder_Maximum,0.589328593973734,0.0016397334482608,Poor
original_firstorder_MeanAbsoluteDeviation,0.72244938149408,5.39313633664524e-05,Poor
original_firstorder_Mean,0.933213920719901,4.8310736115767795e-11,Excellent
original_firstorder_Median,0.950902691932376,2.07437656718144e-12,Excellent
original_firstorder_Minimum,0.683591896885626,0.0001747680067714,Poor
original_firstorder_Range,0.593746424695677,0.0014990204123542,Poor
original_firstorder_RobustMeanAbsoluteDeviation,0.716872258999311,6.45920936835968e-05,Poor
original_firstorder_RootMeanSquared,0.933370877813191,4.716655352118969e-11,Excellent
original_firstorder_Skewness,0.818425312989771,1.0129105594271e-06,Good
original_firstorder_Uniformity,0.676614481179377,0.0002119222560122,Poor
original_firstorder_Variance,0.675629292551674,0.0002176806906094,Poor
original_glcm_Autocorrelation,0.65051599165508,0.0004176073814224,Poor
original_glcm_ClusterProminence,0.640748060142916,0.0005297832209323,Poor
original_glcm_ClusterShade,0.672177121500553,0.0002389359097499,Poor
original_glcm_ClusterTendency,0.615848371667177,0.0009380577629684,Poor
original_glcm_Contrast,0.68167752132368,0.0001843536618446,Poor
original_glcm_Correlation,0.411910155108402,0.0262707813445309,Poor
original_glcm_DifferenceAverage,0.72428335635533,5.07780302042814e-05,Poor
original_glcm_DifferenceEntropy,0.714447326510549,6.97711141568015e-05,Poor
original_glcm_DifferenceVariance,0.666475607242489,0.0002779581445526,Poor
original_glcm_Id,0.72235869692143,5.40916139285761e-05,Poor
original_glcm_Idm,0.708973171642618,8.28077705231901e-05,Poor
original_glcm_Idmn,0.691762533470756,0.0001385306785281,Poor
original_glcm_Idn,0.732675586912051,3.83078435937188e-05,Poor
original_glcm_Imc1,0.318974906682936,0.0704649437456029,Poor
original_glcm_Imc2,0.304077587166198,0.0807536477257262,Poor
original_glcm_InverseVariance,0.715337449288637,6.78296011488949e-05,Poor
original_glcm_JointAverage,0.642849943026816,0.0005036888382262,Poor
original_glcm_JointEnergy,0.681287080973556,0.0001863634055367,Poor
original_glcm_JointEntropy,0.700910643332215,0.0001058451950404,Poor
original_glcm_MCC,0.251184076260887,0.125576739187908,Poor
original_glcm_MaximumProbability,0.666035553826938,0.0002811854338525,Poor
original_glcm_SumAverage,0.642849943140211,0.0005036888368486,Poor
original_glcm_SumEntropy,0.618868069572647,0.000877491538301,Poor
original_glcm_SumSquares,0.641539329696878,0.0005198274392899,Poor
original_glrlm_GrayLevelNonUniformity,0.935675819762895,3.2944866673349895e-11,Excellent
original_glrlm_GrayLevelNonUniformityNormalized,0.673396226344847,0.0002312343715516,Poor
original_glrlm_GrayLevelVariance,0.585127762276594,0.0017836805504933,Poor
original_glrlm_HighGrayLevelRunEmphasis,0.664554616609609,0.0002922842125378,Poor
original_glrlm_LongRunEmphasis,0.69229565774738,0.0001364110590594,Poor
original_glrlm_LongRunHighGrayLevelEmphasis,0.695887875050805,0.0001228465156845,Poor
original_glrlm_LongRunLowGrayLevelEmphasis,0.142583625077756,0.259395429110246,Poor
original_glrlm_LowGrayLevelRunEmphasis,0.167131743532506,0.224438433317909,Poor
original_glrlm_RunEntropy,0.584863111087926,0.0017930936590695,Poor
original_glrlm_RunLengthNonUniformityNormalized,0.721883382322589,5.49383521136913e-05,Poor
original_glrlm_RunPercentage,0.709718427454065,8.09171754933719e-05,Poor
original_glrlm_RunVariance,0.678958344501696,0.0001987474603226,Poor
original_glrlm_ShortRunEmphasis,0.714851087883436,6.88845352563977e-05,Poor
original_glrlm_ShortRunHighGrayLevelEmphasis,0.656420093163709,0.0003602066989706,Poor
original_glrlm_ShortRunLowGrayLevelEmphasis,0.17162734775894,0.218315991015504,Poor
original_glszm_GrayLevelNonUniformityNormalized,0.616688457652406,0.0009208625832604,Poor
original_glszm_GrayLevelVariance,0.575611366549709,0.0021494189592811,Poor
original_glszm_HighGrayLevelZoneEmphasis,0.663916737281593,0.0002971795285636,Poor
original_glszm_LargeAreaEmphasis,0.33490976719465,0.0605281487346208,Poor
original_glszm_LargeAreaHighGrayLevelEmphasis,0.595445837831863,0.0014476725494193,Poor
original_glszm_LargeAreaLowGrayLevelEmphasis,0.0247397237550828,0.454508090996751,Poor
original_glszm_LowGrayLevelZoneEmphasis,0.164975241283812,0.227406808883566,Poor
original_glszm_SizeZoneNonUniformityNormalized,0.749172515100372,2.13369970346979e-05,Poor
original_glszm_SmallAreaEmphasis,0.751494762603392,1.95798614892979e-05,Good
original_glszm_SmallAreaHighGrayLevelEmphasis,0.596648110733183,0.0014122481113187,Poor
original_glszm_SmallAreaLowGrayLevelEmphasis,0.217252229089002,0.161426022065603,Poor
original_glszm_ZoneEntropy,0.511278936969981,0.0066369774439155,Poor
original_glszm_ZonePercentage,0.75186214924709,1.9313819015258e-05,Good
original_glszm_ZoneVariance,0.304160931955109,0.080693328022578,Poor
original_gldm_DependenceEntropy,0.560349057469277,0.0028661249432562,Poor
original_gldm_DependenceNonUniformityNormalized,0.765885453262141,1.12520207177992e-05,Good
original_gldm_DependenceVariance,0.625854974231854,0.0007499540364867,Poor
original_gldm_GrayLevelNonUniformity,0.932464233757313,5.41274761977045e-11,Excellent
original_gldm_GrayLevelVariance,0.585017341208775,0.0017876029458524,Poor
original_gldm_HighGrayLevelEmphasis,0.66436399901638,0.0002937397658713,Poor
original_gldm_LargeDependenceEmphasis,0.669705800406809,0.0002552281723453,Poor
original_gldm_LargeDependenceHighGrayLevelEmphasis,0.817038236087633,1.08971934914849e-06,Good
original_gldm_LargeDependenceLowGrayLevelEmphasis,0.0655187859286731,0.3832120289797,Poor
original_gldm_LowGrayLevelEmphasis,0.168306978417644,0.222829316133602,Poor
original_gldm_SmallDependenceEmphasis,0.755288926320391,1.69808046055722e-05,Good
original_gldm_SmallDependenceHighGrayLevelEmphasis,0.522491620666426,0.0055370318689273,Poor
original_gldm_SmallDependenceLowGrayLevelEmphasis,0.287550879147711,0.0933425145066821,Poor
original_ngtdm_Complexity,0.437085315605516,0.0192061680578563,Poor
original_ngtdm_Contrast,0.737539042432606,3.23811676953142e-05,Poor
log.sigma.3.0.mm.3D_firstorder_10Percentile,0.507330059278988,0.00706440347944,Poor
log.sigma.3.0.mm.3D_firstorder_90Percentile,0.764846274304622,1.17263357499305e-05,Good
log.sigma.3.0.mm.3D_firstorder_Entropy,0.488042274513277,0.0094864297772934,Poor
log.sigma.3.0.mm.3D_firstorder_InterquartileRange,0.785524229818442,4.94675867857105e-06,Good
log.sigma.3.0.mm.3D_firstorder_Kurtosis,0.434182848427023,0.0199347209013183,Poor
log.sigma.3.0.mm.3D_firstorder_Maximum,0.631565204705894,0.0006577722434134,Poor
log.sigma.3.0.mm.3D_firstorder_MeanAbsoluteDeviation,0.776563566341573,7.27048543801627e-06,Good
log.sigma.3.0.mm.3D_firstorder_Mean,0.654817845628584,0.0003750708272851,Poor
log.sigma.3.0.mm.3D_firstorder_Median,0.474052392777893,0.0116314450845742,Poor
log.sigma.3.0.mm.3D_firstorder_Minimum,0.663179520502749,0.0003029248104092,Poor
log.sigma.3.0.mm.3D_firstorder_Range,0.695405994554517,0.0001245954030353,Poor
log.sigma.3.0.mm.3D_firstorder_RobustMeanAbsoluteDeviation,0.78105295764514,6.00809365193146e-06,Good
log.sigma.3.0.mm.3D_firstorder_RootMeanSquared,0.654959436477895,0.0003737364401365,Poor
log.sigma.3.0.mm.3D_firstorder_Skewness,0.562549939352268,0.0027519239923286,Poor
log.sigma.3.0.mm.3D_firstorder_Uniformity,0.406069695259215,0.0281649483022156,Poor
log.sigma.3.0.mm.3D_firstorder_Variance,0.746813584172361,2.32616985326114e-05,Poor
log.sigma.3.0.mm.3D_glcm_Autocorrelation,0.453841649184782,0.0153992815315166,Poor
log.sigma.3.0.mm.3D_glcm_ClusterProminence,0.69852127490102,0.0001136596139234,Poor
log.sigma.3.0.mm.3D_glcm_ClusterShade,0.693155679778728,0.0001330508705397,Poor
log.sigma.3.0.mm.3D_glcm_ClusterTendency,0.651853697660369,0.0004039588135902,Poor
log.sigma.3.0.mm.3D_glcm_Contrast,0.54128327788683,0.0040308345643736,Poor
log.sigma.3.0.mm.3D_glcm_Correlation,0.680325539532599,0.0001913936209149,Poor
log.sigma.3.0.mm.3D_glcm_DifferenceAverage,0.632479697722966,0.0006439463542744,Poor
log.sigma.3.0.mm.3D_glcm_DifferenceEntropy,0.640971226464414,0.0005269589833533,Poor
log.sigma.3.0.mm.3D_glcm_DifferenceVariance,0.512866487057693,0.0064712037672389,Poor
log.sigma.3.0.mm.3D_glcm_Id,0.693875930280359,0.0001302921273492,Poor
log.sigma.3.0.mm.3D_glcm_Idm,0.698166059649422,0.0001148629873349,Poor
log.sigma.3.0.mm.3D_glcm_Idmn,0.558260623160514,0.0029781138263295,Poor
log.sigma.3.0.mm.3D_glcm_Idn,0.649427721760312,0.0004290004626291,Poor
log.sigma.3.0.mm.3D_glcm_Imc1,0.742762516253044,2.69230356639318e-05,Poor
log.sigma.3.0.mm.3D_glcm_Imc2,0.738612292974501,3.1186913019706e-05,Poor
log.sigma.3.0.mm.3D_glcm_InverseVariance,0.706487181152005,8.93945108600297e-05,Poor
log.sigma.3.0.mm.3D_glcm_JointAverage,0.498944261388062,0.0080466438489961,Poor
log.sigma.3.0.mm.3D_glcm_JointEnergy,0.513293385033073,0.006427208543936,Poor
log.sigma.3.0.mm.3D_glcm_JointEntropy,0.586097964844748,0.0017495266208474,Poor
log.sigma.3.0.mm.3D_glcm_MCC,0.528073913596103,0.0050480003177207,Poor
log.sigma.3.0.mm.3D_glcm_MaximumProbability,0.575699418035399,0.0021457675321667,Poor
log.sigma.3.0.mm.3D_glcm_SumAverage,0.498944261303824,0.008046643859392,Poor
log.sigma.3.0.mm.3D_glcm_SumEntropy,0.473004499401668,0.0118065871629079,Poor
log.sigma.3.0.mm.3D_glcm_SumSquares,0.635838142811099,0.000595275077647,Poor
log.sigma.3.0.mm.3D_glrlm_GrayLevelNonUniformityNormalized,0.398099108680108,0.0309172437388671,Poor
log.sigma.3.0.mm.3D_glrlm_GrayLevelVariance,0.670419631120809,0.0002504269007705,Poor
log.sigma.3.0.mm.3D_glrlm_HighGrayLevelRunEmphasis,0.481799586572504,0.0104002511532808,Poor
log.sigma.3.0.mm.3D_glrlm_LongRunEmphasis,0.68462846427096,0.0001697596486363,Poor
log.sigma.3.0.mm.3D_glrlm_LongRunHighGrayLevelEmphasis,0.44236249298845,0.01793521510781,Poor
log.sigma.3.0.mm.3D_glrlm_LongRunLowGrayLevelEmphasis,0.607350231817615,0.0011278674923875,Poor
log.sigma.3.0.mm.3D_glrlm_LowGrayLevelRunEmphasis,0.659545721284362,0.0003326594129133,Poor
log.sigma.3.0.mm.3D_glrlm_RunEntropy,0.571726420600545,0.00231578581292,Poor
log.sigma.3.0.mm.3D_glrlm_RunLengthNonUniformityNormalized,0.727559756355119,4.55427650760707e-05,Poor
log.sigma.3.0.mm.3D_glrlm_RunPercentage,0.704804871230788,9.41056163835018e-05,Poor
log.sigma.3.0.mm.3D_glrlm_RunVariance,0.676577885200837,0.0002121337873173,Poor
log.sigma.3.0.mm.3D_glrlm_ShortRunEmphasis,0.717964995851903,6.23697933308e-05,Poor
log.sigma.3.0.mm.3D_glrlm_ShortRunHighGrayLevelEmphasis,0.497969022102446,0.0081677322589345,Poor
log.sigma.3.0.mm.3D_glrlm_ShortRunLowGrayLevelEmphasis,0.671224960866376,0.0002451037155568,Poor
log.sigma.3.0.mm.3D_glszm_GrayLevelNonUniformityNormalized,0.624151621849693,0.0007794927452776,Poor
log.sigma.3.0.mm.3D_glszm_GrayLevelVariance,0.718635987642488,6.10384154892497e-05,Poor
log.sigma.3.0.mm.3D_glszm_HighGrayLevelZoneEmphasis,0.550965909102378,0.003398255502776,Poor
log.sigma.3.0.mm.3D_glszm_LargeAreaEmphasis,0.634605623698989,0.0006127591270312,Poor
log.sigma.3.0.mm.3D_glszm_LargeAreaHighGrayLevelEmphasis,0.605586661732446,0.0011710789633902,Poor
log.sigma.3.0.mm.3D_glszm_LargeAreaLowGrayLevelEmphasis,0.622678283693001,0.0008058348915314,Poor
log.sigma.3.0.mm.3D_glszm_LowGrayLevelZoneEmphasis,0.777935530333946,6.86202259413206e-06,Good
log.sigma.3.0.mm.3D_glszm_SizeZoneNonUniformity,0.885867250391379,1.07208759622851e-08,Good
log.sigma.3.0.mm.3D_glszm_SizeZoneNonUniformityNormalized,0.556769974454665,0.0030602547896917,Poor
log.sigma.3.0.mm.3D_glszm_SmallAreaEmphasis,0.563271446589365,0.0027153217733235,Poor
log.sigma.3.0.mm.3D_glszm_SmallAreaHighGrayLevelEmphasis,0.693475522185295,0.0001318196165741,Poor
log.sigma.3.0.mm.3D_glszm_SmallAreaLowGrayLevelEmphasis,0.496807125200947,0.0083139221994513,Poor
log.sigma.3.0.mm.3D_glszm_ZoneEntropy,0.343029475876403,0.0558735620285482,Poor
log.sigma.3.0.mm.3D_glszm_ZonePercentage,0.663443786288288,0.0003008544569725,Poor
log.sigma.3.0.mm.3D_glszm_ZoneVariance,0.638302090563819,0.000561595021354,Poor
log.sigma.3.0.mm.3D_gldm_DependenceEntropy,0.838159668039109,3.33293355420925e-07,Good
log.sigma.3.0.mm.3D_gldm_DependenceNonUniformityNormalized,0.68567352393844,0.0001648362215445,Poor
log.sigma.3.0.mm.3D_gldm_DependenceVariance,0.727770398682367,4.5222910352014e-05,Poor
log.sigma.3.0.mm.3D_gldm_GrayLevelVariance,0.653489295027389,0.0003877916862625,Poor
log.sigma.3.0.mm.3D_gldm_HighGrayLevelEmphasis,0.475907151933451,0.011326555702951,Poor
log.sigma.3.0.mm.3D_gldm_LargeDependenceEmphasis,0.717863381668423,6.25736021347243e-05,Poor
log.sigma.3.0.mm.3D_gldm_LargeDependenceHighGrayLevelEmphasis,0.611529404716618,0.0010308223371284,Poor
log.sigma.3.0.mm.3D_gldm_LargeDependenceLowGrayLevelEmphasis,0.419448344676441,0.0239731542932662,Poor
log.sigma.3.0.mm.3D_gldm_LowGrayLevelEmphasis,0.626521842136178,0.000738651788658,Poor
log.sigma.3.0.mm.3D_gldm_SmallDependenceEmphasis,0.66096470206602,0.0003207630184808,Poor
log.sigma.3.0.mm.3D_gldm_SmallDependenceHighGrayLevelEmphasis,0.706050968090428,9.05959737630489e-05,Poor
log.sigma.3.0.mm.3D_gldm_SmallDependenceLowGrayLevelEmphasis,0.596215433050141,0.0014249116169839,Poor
log.sigma.3.0.mm.3D_ngtdm_Busyness,0.851982757744249,1.39593737774602e-07,Good
log.sigma.3.0.mm.3D_ngtdm_Complexity,0.782856390093882,5.55806923164429e-06,Good
log.sigma.3.0.mm.3D_ngtdm_Contrast,0.584404008886321,0.0018095219728649,Poor
log.sigma.4.0.mm.3D_firstorder_10Percentile,0.6586193153706,0.0003406288490244,Poor
log.sigma.4.0.mm.3D_firstorder_90Percentile,0.739739208909268,2.99745274073454e-05,Poor
log.sigma.4.0.mm.3D_firstorder_Entropy,0.469799632402295,0.0123553909280185,Poor
log.sigma.4.0.mm.3D_firstorder_InterquartileRange,0.684756737769774,0.0001691485777246,Poor
log.sigma.4.0.mm.3D_firstorder_Kurtosis,0.512988652366849,0.0064585886102498,Poor
log.sigma.4.0.mm.3D_firstorder_Maximum,0.499616971190807,0.0079639707510313,Poor
log.sigma.4.0.mm.3D_firstorder_MeanAbsoluteDeviation,0.676651932363747,0.0002117059697297,Poor
log.sigma.4.0.mm.3D_firstorder_Mean,0.682185352056323,0.0001817676700997,Poor
log.sigma.4.0.mm.3D_firstorder_Median,0.578299019637112,0.0020402803388867,Poor
log.sigma.4.0.mm.3D_firstorder_Minimum,0.554155058156733,0.0032088983857623,Poor
log.sigma.4.0.mm.3D_firstorder_Range,0.623990753807084,0.0007823328573395,Poor
log.sigma.4.0.mm.3D_firstorder_RobustMeanAbsoluteDeviation,0.693123557449421,0.0001331750756159,Poor
log.sigma.4.0.mm.3D_firstorder_RootMeanSquared,0.682253724619887,0.0001814219042265,Poor
log.sigma.4.0.mm.3D_firstorder_Skewness,0.503297409356338,0.0075237823694056,Poor
log.sigma.4.0.mm.3D_firstorder_Uniformity,0.376271288591281,0.0395083486237349,Poor
log.sigma.4.0.mm.3D_firstorder_Variance,0.592589882563897,0.0015348357208759,Poor
log.sigma.4.0.mm.3D_glcm_Autocorrelation,0.21317007401784,0.166115460678705,Poor
log.sigma.4.0.mm.3D_glcm_ClusterProminence,0.455028036626033,0.0151543134243544,Poor
log.sigma.4.0.mm.3D_glcm_ClusterShade,0.548147234099849,0.003573248053129,Poor
log.sigma.4.0.mm.3D_glcm_ClusterTendency,0.446544533858882,0.0169758469011053,Poor
log.sigma.4.0.mm.3D_glcm_Contrast,0.616772014134933,0.000919167036897,Poor
log.sigma.4.0.mm.3D_glcm_Correlation,0.608005280614235,0.0011121646892889,Poor
log.sigma.4.0.mm.3D_glcm_DifferenceAverage,0.71275228227077,7.36022273525051e-05,Poor
log.sigma.4.0.mm.3D_glcm_DifferenceEntropy,0.711377893491276,7.68415207843969e-05,Poor
log.sigma.4.0.mm.3D_glcm_DifferenceVariance,0.583525303818596,0.0018413178026701,Poor
log.sigma.4.0.mm.3D_glcm_Id,0.773041743265528,8.41848809711419e-06,Good
log.sigma.4.0.mm.3D_glcm_Idm,0.775581120074828,7.57597420533531e-06,Good
log.sigma.4.0.mm.3D_glcm_Idmn,0.631685800558093,0.0006559346467378,Poor
log.sigma.4.0.mm.3D_glcm_Idn,0.728632187414322,4.39346102642512e-05,Poor
log.sigma.4.0.mm.3D_glcm_Imc1,0.738785378496307,3.09979609476069e-05,Poor
log.sigma.4.0.mm.3D_glcm_Imc2,0.683846119971026,0.0001735280246385,Poor
log.sigma.4.0.mm.3D_glcm_InverseVariance,0.768286280232888,1.02200705891956e-05,Good
log.sigma.4.0.mm.3D_glcm_JointAverage,0.229999345706339,0.147301640496298,Poor
log.sigma.4.0.mm.3D_glcm_JointEnergy,0.548757382680088,0.0035347481419777,Poor
log.sigma.4.0.mm.3D_glcm_JointEntropy,0.654906114508423,0.0003742384809734,Poor
log.sigma.4.0.mm.3D_glcm_MCC,0.649295162311598,0.0004304062357913,Poor
log.sigma.4.0.mm.3D_glcm_MaximumProbability,0.544198467144609,0.003830907383429,Poor
log.sigma.4.0.mm.3D_glcm_SumAverage,0.22999934604157,0.147301640135223,Poor
log.sigma.4.0.mm.3D_glcm_SumEntropy,0.385241709476345,0.0357841375501815,Poor
log.sigma.4.0.mm.3D_glcm_SumSquares,0.476878190197406,0.0111695115973083,Poor
log.sigma.4.0.mm.3D_glrlm_GrayLevelNonUniformityNormalized,0.389515653089282,0.0341061044357395,Poor
log.sigma.4.0.mm.3D_glrlm_GrayLevelVariance,0.551740463211059,0.0033514345919151,Poor
log.sigma.4.0.mm.3D_glrlm_HighGrayLevelRunEmphasis,0.270019535133927,0.108091270411012,Poor
log.sigma.4.0.mm.3D_glrlm_LongRunEmphasis,0.642378896714377,0.000509439183126,Poor
log.sigma.4.0.mm.3D_glrlm_LongRunHighGrayLevelEmphasis,0.0973813635553359,0.3298080530415,Poor
log.sigma.4.0.mm.3D_glrlm_LongRunLowGrayLevelEmphasis,0.375798094572177,0.039712578430653,Poor
log.sigma.4.0.mm.3D_glrlm_LowGrayLevelRunEmphasis,0.45416332763326,0.0153325525573719,Poor
log.sigma.4.0.mm.3D_glrlm_RunEntropy,0.503391421097792,0.0075128031919559,Poor
log.sigma.4.0.mm.3D_glrlm_RunLengthNonUniformityNormalized,0.795736622321141,3.11800569046556e-06,Good
log.sigma.4.0.mm.3D_glrlm_RunPercentage,0.758103114080874,1.52534329592563e-05,Good
log.sigma.4.0.mm.3D_glrlm_RunVariance,0.585333006092281,0.00177640905262,Poor
log.sigma.4.0.mm.3D_glrlm_ShortRunEmphasis,0.776980293330353,7.14421383303243e-06,Good
log.sigma.4.0.mm.3D_glrlm_ShortRunHighGrayLevelEmphasis,0.314208764504785,0.0736496502258552,Poor
log.sigma.4.0.mm.3D_glrlm_ShortRunLowGrayLevelEmphasis,0.449743999491132,0.0162696123051709,Poor
log.sigma.4.0.mm.3D_glszm_GrayLevelNonUniformityNormalized,0.71588455098024,6.66597329241226e-05,Poor
log.sigma.4.0.mm.3D_glszm_GrayLevelVariance,0.742517757586938,2.71595438499799e-05,Poor
log.sigma.4.0.mm.3D_glszm_HighGrayLevelZoneEmphasis,0.298765247463338,0.0846634364442616,Poor
log.sigma.4.0.mm.3D_glszm_LargeAreaEmphasis,0.703578459969702,9.76743804161787e-05,Poor
log.sigma.4.0.mm.3D_glszm_LargeAreaHighGrayLevelEmphasis,0.643192416426435,0.0004995429697463,Poor
log.sigma.4.0.mm.3D_glszm_LargeAreaLowGrayLevelEmphasis,0.515783001821139,0.0061754761931278,Poor
log.sigma.4.0.mm.3D_glszm_LowGrayLevelZoneEmphasis,0.534682310703129,0.0045155628315344,Poor
log.sigma.4.0.mm.3D_glszm_SizeZoneNonUniformityNormalized,0.530373684020229,0.0048571458126572,Poor
log.sigma.4.0.mm.3D_glszm_SmallAreaEmphasis,0.562567362374849,0.002751035298574,Poor
log.sigma.4.0.mm.3D_glszm_SmallAreaHighGrayLevelEmphasis,0.509980854234811,0.0067750864539997,Poor
log.sigma.4.0.mm.3D_glszm_SmallAreaLowGrayLevelEmphasis,0.285412668020078,0.0950636647977494,Poor
log.sigma.4.0.mm.3D_glszm_ZoneEntropy,0.0840179063919622,0.351888580961085,Poor
log.sigma.4.0.mm.3D_glszm_ZonePercentage,0.609160787037131,0.0010849157940816,Poor
log.sigma.4.0.mm.3D_glszm_ZoneVariance,0.704762921156304,9.42257927646717e-05,Poor
log.sigma.4.0.mm.3D_gldm_DependenceEntropy,0.740996999328308,2.86701581618206e-05,Poor
log.sigma.4.0.mm.3D_gldm_DependenceNonUniformityNormalized,0.73113531614983,4.03723156032732e-05,Poor
log.sigma.4.0.mm.3D_gldm_DependenceVariance,0.790580614913066,3.94860864496229e-06,Good
log.sigma.4.0.mm.3D_gldm_GrayLevelVariance,0.531552690940807,0.0047616293458752,Poor
log.sigma.4.0.mm.3D_gldm_HighGrayLevelEmphasis,0.260564337408336,0.116654549064451,Poor
log.sigma.4.0.mm.3D_gldm_LargeDependenceEmphasis,0.791657448620186,3.76060574102616e-06,Good
log.sigma.4.0.mm.3D_gldm_LargeDependenceHighGrayLevelEmphasis,0.414840892724644,0.0253581327477778,Poor
log.sigma.4.0.mm.3D_gldm_LargeDependenceLowGrayLevelEmphasis,0.259572048333047,0.117578221969897,Poor
log.sigma.4.0.mm.3D_gldm_LowGrayLevelEmphasis,0.419036774076218,0.0240944289368739,Poor
log.sigma.4.0.mm.3D_gldm_SmallDependenceEmphasis,0.619751077039516,0.0008604213716788,Poor
log.sigma.4.0.mm.3D_gldm_SmallDependenceHighGrayLevelEmphasis,0.647560255809233,0.0004491714308,Poor
log.sigma.4.0.mm.3D_gldm_SmallDependenceLowGrayLevelEmphasis,0.330005439644077,0.0634716538505198,Poor
log.sigma.4.0.mm.3D_ngtdm_Busyness,0.887031758047117,9.68014544825492e-09,Good
log.sigma.4.0.mm.3D_ngtdm_Complexity,0.797991822203204,2.80609629837994e-06,Good
log.sigma.4.0.mm.3D_ngtdm_Contrast,0.627651298897771,0.0007198399841763,Poor
log.sigma.5.0.mm.3D_firstorder_10Percentile,0.645572513460169,0.0004715278276775,Poor
log.sigma.5.0.mm.3D_firstorder_90Percentile,0.750104269361701,2.06160699531107e-05,Good
log.sigma.5.0.mm.3D_firstorder_Entropy,0.419766795936214,0.0238796439060616,Poor
log.sigma.5.0.mm.3D_firstorder_InterquartileRange,0.656764389798951,0.0003570794620962,Poor
log.sigma.5.0.mm.3D_firstorder_Kurtosis,0.327534202088995,0.0649931900132348,Poor
log.sigma.5.0.mm.3D_firstorder_Maximum,0.606366861583525,0.0011517927412309,Poor
log.sigma.5.0.mm.3D_firstorder_MeanAbsoluteDeviation,0.60256279886431,0.0012484288753448,Poor
log.sigma.5.0.mm.3D_firstorder_Mean,0.727006662619316,4.63920275767185e-05,Poor
log.sigma.5.0.mm.3D_firstorder_Median,0.649666376050346,0.0004264794773033,Poor
log.sigma.5.0.mm.3D_firstorder_Minimum,0.248708805008757,0.128002360388964,Poor
log.sigma.5.0.mm.3D_firstorder_Range,0.608333895699018,0.0011043570818813,Poor
log.sigma.5.0.mm.3D_firstorder_RobustMeanAbsoluteDeviation,0.635380855107589,0.0006017116642306,Poor
log.sigma.5.0.mm.3D_firstorder_RootMeanSquared,0.727050008996807,4.63249753828325e-05,Poor
log.sigma.5.0.mm.3D_firstorder_Skewness,0.255998885327541,0.120943772610386,Poor
log.sigma.5.0.mm.3D_firstorder_Uniformity,0.430918376204138,0.0207798219296697,Poor
log.sigma.5.0.mm.3D_firstorder_Variance,0.494507222688437,0.0086095531684925,Poor
log.sigma.5.0.mm.3D_glcm_Autocorrelation,0.0823290731050209,0.354713687393705,Poor
log.sigma.5.0.mm.3D_glcm_ClusterProminence,0.274793952044261,0.103930170194567,Poor
log.sigma.5.0.mm.3D_glcm_ClusterShade,0.366218874785952,0.0440194891841781,Poor
log.sigma.5.0.mm.3D_glcm_ClusterTendency,0.339614231392287,0.0577984557324017,Poor
log.sigma.5.0.mm.3D_glcm_Contrast,0.701991764385021,0.0001024653015092,Poor
log.sigma.5.0.mm.3D_glcm_Correlation,0.49189398686263,0.008955734889865,Poor
log.sigma.5.0.mm.3D_glcm_DifferenceAverage,0.784484518254101,5.17756459125475e-06,Good
log.sigma.5.0.mm.3D_glcm_DifferenceEntropy,0.771451820024144,8.98695882506622e-06,Good
log.sigma.5.0.mm.3D_glcm_DifferenceVariance,0.641186518114324,0.0005242466003376,Poor
log.sigma.5.0.mm.3D_glcm_Id,0.764099009540046,1.2078173048534e-05,Good
log.sigma.5.0.mm.3D_glcm_Idm,0.749172540746839,2.1336976891443e-05,Poor
log.sigma.5.0.mm.3D_glcm_Idmn,0.714374771568757,6.99314771852722e-05,Poor
log.sigma.5.0.mm.3D_glcm_Idn,0.795292370085701,3.18293339657635e-06,Good
log.sigma.5.0.mm.3D_glcm_Imc1,0.659084880477007,0.0003366035701641,Poor
log.sigma.5.0.mm.3D_glcm_Imc2,0.576523297310398,0.0021118528499508,Poor
log.sigma.5.0.mm.3D_glcm_InverseVariance,0.792545431958344,3.61155906604062e-06,Good
log.sigma.5.0.mm.3D_glcm_JointAverage,0.0582835964982486,0.395667585766473,Poor
log.sigma.5.0.mm.3D_glcm_JointEnergy,0.559627904069825,0.0029043922368139,Poor
log.sigma.5.0.mm.3D_glcm_JointEntropy,0.703648487177546,9.74674924923318e-05,Poor
log.sigma.5.0.mm.3D_glcm_MCC,0.476135310980757,0.0112894976904433,Poor
log.sigma.5.0.mm.3D_glcm_MaximumProbability,0.526665366437765,0.0051679083676323,Poor
log.sigma.5.0.mm.3D_glcm_SumAverage,0.0582835964218568,0.395667585898521,Poor
log.sigma.5.0.mm.3D_glcm_SumEntropy,0.389147985031649,0.0342480643780463,Poor
log.sigma.5.0.mm.3D_glcm_SumSquares,0.397332680805952,0.0311923491717281,Poor
log.sigma.5.0.mm.3D_glrlm_GrayLevelNonUniformityNormalized,0.439063523585874,0.0187217106720586,Poor
log.sigma.5.0.mm.3D_glrlm_GrayLevelVariance,0.380174520844304,0.0378536812906412,Poor
log.sigma.5.0.mm.3D_glrlm_HighGrayLevelRunEmphasis,0.193244473614264,0.190148619642168,Poor
log.sigma.5.0.mm.3D_glrlm_LongRunEmphasis,0.629633749192118,0.0006878063184798,Poor
log.sigma.5.0.mm.3D_glrlm_LongRunHighGrayLevelEmphasis,0.188583717624009,0.801226829326053,Poor
log.sigma.5.0.mm.3D_glrlm_LongRunLowGrayLevelEmphasis,0.550781521121563,0.0034094811687333,Poor
log.sigma.5.0.mm.3D_glrlm_LowGrayLevelRunEmphasis,0.574370738071336,0.0022014224927959,Poor
log.sigma.5.0.mm.3D_glrlm_RunEntropy,0.105953450440431,0.315920139343506,Poor
log.sigma.5.0.mm.3D_glrlm_RunLengthNonUniformityNormalized,0.689062536083799,0.0001497086988182,Poor
log.sigma.5.0.mm.3D_glrlm_RunPercentage,0.675138565561179,0.0002205989555161,Poor
log.sigma.5.0.mm.3D_glrlm_RunVariance,0.645381037241936,0.0004737307713744,Poor
log.sigma.5.0.mm.3D_glrlm_ShortRunEmphasis,0.663406111524367,0.0003011488694788,Poor
log.sigma.5.0.mm.3D_glrlm_ShortRunHighGrayLevelEmphasis,0.275378307644961,0.10342834931202,Poor
log.sigma.5.0.mm.3D_glrlm_ShortRunLowGrayLevelEmphasis,0.575236201320222,0.0021650351349963,Poor
log.sigma.5.0.mm.3D_glszm_GrayLevelNonUniformityNormalized,0.393931649981349,0.0324357431204702,Poor
log.sigma.5.0.mm.3D_glszm_GrayLevelVariance,0.633262644825468,0.0006323068030228,Poor
log.sigma.5.0.mm.3D_glszm_HighGrayLevelZoneEmphasis,0.236782400431506,0.140107675369623,Poor
log.sigma.5.0.mm.3D_glszm_LargeAreaEmphasis,0.623834959474278,0.0007850917745544,Poor
log.sigma.5.0.mm.3D_glszm_LargeAreaHighGrayLevelEmphasis,0.445450219241865,0.0172228774955851,Poor
log.sigma.5.0.mm.3D_glszm_LargeAreaLowGrayLevelEmphasis,0.406806052838419,0.0279205154365391,Poor
log.sigma.5.0.mm.3D_glszm_LowGrayLevelZoneEmphasis,0.660918437557467,0.0003211450470197,Poor
log.sigma.5.0.mm.3D_glszm_SizeZoneNonUniformity,0.904103792113196,1.87963151202636e-09,Excellent
log.sigma.5.0.mm.3D_glszm_SizeZoneNonUniformityNormalized,0.435829777487536,0.019518713430362,Poor
log.sigma.5.0.mm.3D_glszm_SmallAreaEmphasis,0.427863316458209,0.021595839468897,Poor
log.sigma.5.0.mm.3D_glszm_SmallAreaHighGrayLevelEmphasis,0.622825576086729,0.000803167835207,Poor
log.sigma.5.0.mm.3D_glszm_SmallAreaLowGrayLevelEmphasis,0.360978594845643,0.0465178837234639,Poor
log.sigma.5.0.mm.3D_glszm_ZoneEntropy,0.176053248166408,0.212376132138684,Poor
log.sigma.5.0.mm.3D_glszm_ZonePercentage,0.682019947520394,0.0001826064881501,Poor
log.sigma.5.0.mm.3D_glszm_ZoneVariance,0.615376467107659,0.0009478357720993,Poor
log.sigma.5.0.mm.3D_gldm_DependenceEntropy,0.236043927285878,0.14088001237988,Poor
log.sigma.5.0.mm.3D_gldm_DependenceNonUniformityNormalized,0.693681094946318,0.0001310334668231,Poor
log.sigma.5.0.mm.3D_gldm_DependenceVariance,0.648499863689983,0.0004389233434143,Poor
log.sigma.5.0.mm.3D_gldm_GrayLevelVariance,0.387680985554581,0.0348189534928307,Poor
log.sigma.5.0.mm.3D_gldm_HighGrayLevelEmphasis,0.183781571632523,0.202215949774599,Poor
log.sigma.5.0.mm.3D_gldm_LargeDependenceEmphasis,0.667985071080635,0.0002671287413687,Poor
log.sigma.5.0.mm.3D_gldm_LargeDependenceHighGrayLevelEmphasis,0.0626029014266558,0.388219276777805,Poor
log.sigma.5.0.mm.3D_gldm_LargeDependenceLowGrayLevelEmphasis,0.3905058038666,0.0337260193026447,Poor
log.sigma.5.0.mm.3D_gldm_LowGrayLevelEmphasis,0.537519465838976,0.0043016452732992,Poor
log.sigma.5.0.mm.3D_gldm_SmallDependenceEmphasis,0.667517361973231,0.0002704447427447,Poor
log.sigma.5.0.mm.3D_gldm_SmallDependenceHighGrayLevelEmphasis,0.823863361220832,7.55959256551267e-07,Good
log.sigma.5.0.mm.3D_gldm_SmallDependenceLowGrayLevelEmphasis,0.324134474868409,0.0671288431247279,Poor
log.sigma.5.0.mm.3D_ngtdm_Busyness,0.836376456618189,3.7069921803519e-07,Good
log.sigma.5.0.mm.3D_ngtdm_Complexity,0.78416559510241,5.2502378759132e-06,Good
log.sigma.5.0.mm.3D_ngtdm_Contrast,0.710127917082964,7.98944113172942e-05,Poor
wavelet.LLH_firstorder_10Percentile,0.602849770330627,0.0012409075816003,Poor
wavelet.LLH_firstorder_90Percentile,0.87131252433091,3.52567634086954e-08,Good
wavelet.LLH_firstorder_Entropy,0.760085989449379,1.41307680164609e-05,Good
wavelet.LLH_firstorder_InterquartileRange,0.889284169601119,7.919818684824861e-09,Good
wavelet.LLH_firstorder_Kurtosis,0.629526640979579,0.000689505465227,Poor
wavelet.LLH_firstorder_Maximum,0.813810532563218,1.2887454456834e-06,Good
wavelet.LLH_firstorder_MeanAbsoluteDeviation,0.850731779695404,1.51569059797726e-07,Good
wavelet.LLH_firstorder_Mean,0.794550026359652,3.29409244613948e-06,Good
wavelet.LLH_firstorder_Median,0.746304464811068,2.36964786761564e-05,Poor
wavelet.LLH_firstorder_Minimum,0.55571192251634,0.0031196940188418,Poor
wavelet.LLH_firstorder_Range,0.779601268803838,6.39333525746588e-06,Good
wavelet.LLH_firstorder_RobustMeanAbsoluteDeviation,0.876928869075564,2.26708767832566e-08,Good
wavelet.LLH_firstorder_RootMeanSquared,0.795621741841344,3.13468248959158e-06,Good
wavelet.LLH_firstorder_Skewness,0.54462763560254,0.0038021800251903,Poor
wavelet.LLH_firstorder_Uniformity,0.789894808073362,4.07261751012508e-06,Good
wavelet.LLH_firstorder_Variance,0.840798427176621,2.84082108766108e-07,Good
wavelet.LLH_glcm_Autocorrelation,0.225197540230676,0.152529693857625,Poor
wavelet.LLH_glcm_ClusterProminence,0.602146234626834,0.0012594151925364,Poor
wavelet.LLH_glcm_ClusterShade,0.691302691274155,0.0001403817650943,Poor
wavelet.LLH_glcm_ClusterTendency,0.751271923393163,1.97427889518092e-05,Good
wavelet.LLH_glcm_Contrast,0.647853957155086,0.0004459463282094,Poor
wavelet.LLH_glcm_Correlation,0.476994645583448,0.0111507954995871,Poor
wavelet.LLH_glcm_DifferenceAverage,0.727268883601271,4.59876882842666e-05,Poor
wavelet.LLH_glcm_DifferenceEntropy,0.696488022836881,0.0001206981516376,Poor
wavelet.LLH_glcm_DifferenceVariance,0.531197304894284,0.0047902564074592,Poor
wavelet.LLH_glcm_Id,0.774913773468355,7.78986840827164e-06,Good
wavelet.LLH_glcm_Idm,0.77502042235121,7.75533347550344e-06,Good
wavelet.LLH_glcm_Idmn,0.670893232782014,0.0002472845011925,Poor
wavelet.LLH_glcm_Idn,0.742861335192104,2.6828059218232e-05,Poor
wavelet.LLH_glcm_InverseVariance,0.775451006963327,7.61726721493636e-06,Good
wavelet.LLH_glcm_JointAverage,0.227875055930123,0.149600673822062,Poor
wavelet.LLH_glcm_JointEnergy,0.771381677948283,9.01279651129325e-06,Good
wavelet.LLH_glcm_JointEntropy,0.773890599740643,8.12812645165373e-06,Good
wavelet.LLH_glcm_MCC,0.709198624753724,8.2231827322242e-05,Poor
wavelet.LLH_glcm_MaximumProbability,0.796545432823652,3.00279279518271e-06,Good
wavelet.LLH_glcm_SumAverage,0.227875055952731,0.149600673797478,Poor
wavelet.LLH_glcm_SumEntropy,0.79079044038644,3.9113387718559e-06,Good
wavelet.LLH_glcm_SumSquares,0.720704466647488,5.70884922438318e-05,Poor
wavelet.LLH_glrlm_GrayLevelNonUniformityNormalized,0.784916327414131,5.08058040234722e-06,Good
wavelet.LLH_glrlm_GrayLevelVariance,0.689260214355034,0.0001488646593415,Poor
wavelet.LLH_glrlm_HighGrayLevelRunEmphasis,0.239596704427719,0.137188679919335,Poor
wavelet.LLH_glrlm_LongRunEmphasis,0.767343897980582,1.06147713887422e-05,Good
wavelet.LLH_glrlm_LongRunHighGrayLevelEmphasis,0.135120952545509,0.270509872046581,Poor
wavelet.LLH_glrlm_LongRunLowGrayLevelEmphasis,0.474189485835525,0.0116086866313249,Poor
wavelet.LLH_glrlm_LowGrayLevelRunEmphasis,0.475007199796393,0.0114736806154578,Poor
wavelet.LLH_glrlm_RunEntropy,0.729465824472713,4.27189594982783e-05,Poor
wavelet.LLH_glrlm_RunLengthNonUniformityNormalized,0.770631709862456,9.29316416977773e-06,Good
wavelet.LLH_glrlm_RunPercentage,0.772918602601711,8.46135825161139e-06,Good
wavelet.LLH_glrlm_RunVariance,0.770156467962767,9.47476920809831e-06,Good
wavelet.LLH_glrlm_ShortRunEmphasis,0.766021941827826,1.11909919261501e-05,Good
wavelet.LLH_glrlm_ShortRunHighGrayLevelEmphasis,0.269643212005381,0.108423885314213,Poor
wavelet.LLH_glrlm_ShortRunLowGrayLevelEmphasis,0.474951624610847,0.0114828161021105,Poor
wavelet.LLH_glszm_GrayLevelNonUniformityNormalized,0.65377509276195,0.000385024404254,Poor
wavelet.LLH_glszm_GrayLevelVariance,0.573755872619582,0.0022275835840766,Poor
wavelet.LLH_glszm_HighGrayLevelZoneEmphasis,0.22943245542202,0.147913015685495,Poor
wavelet.LLH_glszm_LargeAreaEmphasis,0.770073021541945,9.50697651644276e-06,Good
wavelet.LLH_glszm_LargeAreaHighGrayLevelEmphasis,0.740061599660858,2.96353517497236e-05,Poor
wavelet.LLH_glszm_LargeAreaLowGrayLevelEmphasis,0.649629425646437,0.0004268689649017,Poor
wavelet.LLH_glszm_LowGrayLevelZoneEmphasis,0.626992096053315,0.0007307692179239,Poor
wavelet.LLH_glszm_SizeZoneNonUniformityNormalized,0.671007544740634,0.0002465311341415,Poor
wavelet.LLH_glszm_SmallAreaEmphasis,0.65977461256466,0.0003307152116123,Poor
wavelet.LLH_glszm_SmallAreaHighGrayLevelEmphasis,0.368622780794581,0.0429074100263323,Poor
wavelet.LLH_glszm_SmallAreaLowGrayLevelEmphasis,0.593530302972207,0.0015056591563898,Poor
wavelet.LLH_glszm_ZoneEntropy,0.365366358752157,0.0444189828076334,Poor
wavelet.LLH_glszm_ZonePercentage,0.774900269328637,7.79425093635701e-06,Good
wavelet.LLH_glszm_ZoneVariance,0.759636404880214,1.43787512453446e-05,Good
wavelet.LLH_gldm_DependenceEntropy,0.575428709282677,0.0021570102078771,Poor
wavelet.LLH_gldm_DependenceNonUniformityNormalized,0.824975234471177,7.11192382213446e-07,Good
wavelet.LLH_gldm_DependenceVariance,0.766711099946307,1.08872621988367e-05,Good
wavelet.LLH_gldm_GrayLevelVariance,0.696896435775705,0.0001192548181871,Poor
wavelet.LLH_gldm_HighGrayLevelEmphasis,0.2396771658803,0.137105792879858,Poor
wavelet.LLH_gldm_LargeDependenceEmphasis,0.762304357461686,1.29612585871295e-05,Good
wavelet.LLH_gldm_LargeDependenceHighGrayLevelEmphasis,0.395410522236055,0.0318905210548429,Poor
wavelet.LLH_gldm_LargeDependenceLowGrayLevelEmphasis,0.581477337295524,0.0019172480111318,Poor
wavelet.LLH_gldm_LowGrayLevelEmphasis,0.460724212072744,0.0140208750006418,Poor
wavelet.LLH_gldm_SmallDependenceEmphasis,0.766234658652649,1.10964581830881e-05,Good
wavelet.LLH_gldm_SmallDependenceHighGrayLevelEmphasis,0.636853294219127,0.0005811958471731,Poor
wavelet.LLH_gldm_SmallDependenceLowGrayLevelEmphasis,0.490999190547816,0.0090768261840906,Poor
wavelet.LLH_ngtdm_Complexity,0.493405297526788,0.0087541817005169,Poor
wavelet.LLH_ngtdm_Contrast,0.734966052422886,3.5408246460469e-05,Poor
wavelet.LHL_firstorder_10Percentile,0.931113142296536,6.621988528348309e-11,Excellent
wavelet.LHL_firstorder_90Percentile,0.923867529198844,1.8290940240000402e-10,Excellent
wavelet.LHL_firstorder_Entropy,0.574883074868356,0.0021798206206366,Poor
wavelet.LHL_firstorder_InterquartileRange,0.947915435446574,3.80342028158944e-12,Excellent
wavelet.LHL_firstorder_Kurtosis,0.623095228291773,0.0007983046188692,Poor
wavelet.LHL_firstorder_Maximum,0.551973053803882,0.0033374797650021,Poor
wavelet.LHL_firstorder_MeanAbsoluteDeviation,0.914317161311492,6.04727713138968e-10,Excellent
wavelet.LHL_firstorder_Mean,0.594080180306212,0.0014888166859913,Poor
wavelet.LHL_firstorder_Median,0.563131129480351,0.0027224081202429,Poor
wavelet.LHL_firstorder_Minimum,0.4235204617991,0.0227986156250825,Poor
wavelet.LHL_firstorder_Range,0.564725412318253,0.0026427939012949,Poor
wavelet.LHL_firstorder_RobustMeanAbsoluteDeviation,0.944215265491322,7.68482946905964e-12,Excellent
wavelet.LHL_firstorder_RootMeanSquared,0.596124295001281,0.001427591193007,Poor
wavelet.LHL_firstorder_Skewness,0.131675346891808,0.721440257436503,Poor
wavelet.LHL_firstorder_Uniformity,0.572143881174295,0.0022974078857057,Poor
wavelet.LHL_firstorder_Variance,0.880909887282352,1.63611103182168e-08,Good
wavelet.LHL_glcm_Autocorrelation,0.198329544015471,0.813460849219784,Poor
wavelet.LHL_glcm_ClusterProminence,0.533969480922273,0.0045706658085818,Poor
wavelet.LHL_glcm_ClusterShade,0.103850032962952,0.319306838795767,Poor
wavelet.LHL_glcm_ClusterTendency,0.597580000466617,0.0013852957794752,Poor
wavelet.LHL_glcm_Contrast,0.644517834386318,0.000483771591199,Poor
wavelet.LHL_glcm_Correlation,0.795320739076034,3.17875187991201e-06,Good
wavelet.LHL_glcm_DifferenceAverage,0.652156762186524,0.0004009203245618,Poor
wavelet.LHL_glcm_DifferenceEntropy,0.602255058399362,0.0012565372633337,Poor
wavelet.LHL_glcm_DifferenceVariance,0.590790040552499,0.0015920045369086,Poor
wavelet.LHL_glcm_Id,0.622332244943776,0.0008121303208208,Poor
wavelet.LHL_glcm_Idm,0.610168976779254,0.0010616046030912,Poor
wavelet.LHL_glcm_Idmn,0.648925406149125,0.0004343483055875,Poor
wavelet.LHL_glcm_Idn,0.651492249450283,0.0004076084257765,Poor
wavelet.LHL_glcm_Imc1,0.820775181288193,8.93677062756059e-07,Good
wavelet.LHL_glcm_Imc2,0.887482537586865,9.302181956736091e-09,Good
wavelet.LHL_glcm_InverseVariance,0.614903651382173,0.0009577192097639,Poor
wavelet.LHL_glcm_JointAverage,0.197584438436809,0.81254110863378,Poor
wavelet.LHL_glcm_JointEnergy,0.521776644485852,0.0056023815969515,Poor
wavelet.LHL_glcm_JointEntropy,0.554032431786505,0.0032160136733795,Poor
wavelet.LHL_glcm_MCC,0.568505841993065,0.0024617411624622,Poor
wavelet.LHL_glcm_MaximumProbability,0.538804477883452,0.0042075482257349,Poor
wavelet.LHL_glcm_SumAverage,0.197584438555023,0.812541108779906,Poor
wavelet.LHL_glcm_SumEntropy,0.556540094571125,0.0030730882290241,Poor
wavelet.LHL_glcm_SumSquares,0.618417383257944,0.0008863143806103,Poor
wavelet.LHL_glrlm_GrayLevelNonUniformityNormalized,0.572346826983651,0.0022885177307085,Poor
wavelet.LHL_glrlm_GrayLevelVariance,0.606493604321563,0.001148685220359,Poor
wavelet.LHL_glrlm_HighGrayLevelRunEmphasis,0.182187405649264,0.792959724236388,Poor
wavelet.LHL_glrlm_LongRunEmphasis,0.569888958800275,0.0023981447142898,Poor
wavelet.LHL_glrlm_LongRunHighGrayLevelEmphasis,0.245523117768688,0.866327508243093,Poor
wavelet.LHL_glrlm_LongRunLowGrayLevelEmphasis,0.333871004099927,0.0611432098172622,Poor
wavelet.LHL_glrlm_LowGrayLevelRunEmphasis,0.368694677753541,0.0428744754948331,Poor
wavelet.LHL_glrlm_RunEntropy,0.565349823494792,0.0026121463879611,Poor
wavelet.LHL_glrlm_RunLengthNonUniformityNormalized,0.583819584584276,0.0018306174640689,Poor
wavelet.LHL_glrlm_RunPercentage,0.582015162182681,0.0018970578107674,Poor
wavelet.LHL_glrlm_RunVariance,0.570494389315799,0.0023707419452346,Poor
wavelet.LHL_glrlm_ShortRunEmphasis,0.577439523576151,0.0020746651667776,Poor
wavelet.LHL_glrlm_ShortRunHighGrayLevelEmphasis,0.144495523165849,0.740588119745933,Poor
wavelet.LHL_glrlm_ShortRunLowGrayLevelEmphasis,0.377580464271906,0.038947419702801,Poor
wavelet.LHL_glszm_GrayLevelNonUniformityNormalized,0.551297679274947,0.0033781343528785,Poor
wavelet.LHL_glszm_GrayLevelVariance,0.580989421948883,0.0019357202487987,Poor
wavelet.LHL_glszm_HighGrayLevelZoneEmphasis,0.178118273297037,0.787603802919509,Poor
wavelet.LHL_glszm_LargeAreaEmphasis,0.159935183425111,0.234422965566072,Poor
wavelet.LHL_glszm_LargeAreaHighGrayLevelEmphasis,0.0914642930873818,0.339523024978843,Poor
wavelet.LHL_glszm_LargeAreaLowGrayLevelEmphasis,0.263265867579294,0.11416392802298,Poor
wavelet.LHL_glszm_LowGrayLevelZoneEmphasis,0.267088280641932,0.110700028507393,Poor
wavelet.LHL_glszm_SizeZoneNonUniformity,0.851953430422652,1.39864545294055e-07,Good
wavelet.LHL_glszm_SizeZoneNonUniformityNormalized,0.57513482630469,0.002169271112181,Poor
wavelet.LHL_glszm_SmallAreaEmphasis,0.556599562313882,0.0030697640566382,Poor
wavelet.LHL_glszm_SmallAreaHighGrayLevelEmphasis,0.0371802814937696,0.43251450158226,Poor
wavelet.LHL_glszm_SmallAreaLowGrayLevelEmphasis,0.250028989662668,0.126704948877857,Poor
wavelet.LHL_glszm_ZoneEntropy,0.770161234988376,9.47293220643302e-06,Good
wavelet.LHL_glszm_ZonePercentage,0.606933896616899,0.0011379450302665,Poor
wavelet.LHL_glszm_ZoneVariance,0.148775429216788,0.250341762939751,Poor
wavelet.LHL_gldm_DependenceEntropy,0.416983528945301,0.0247065687903482,Poor
wavelet.LHL_gldm_DependenceNonUniformityNormalized,0.63130036182328,0.0006618232238343,Poor
wavelet.LHL_gldm_DependenceVariance,0.568518949194387,0.0024611319414992,Poor
wavelet.LHL_gldm_GrayLevelVariance,0.60886589602933,0.0010918155569177,Poor
wavelet.LHL_gldm_HighGrayLevelEmphasis,0.182723210723862,0.793659393710564,Poor
wavelet.LHL_gldm_LargeDependenceEmphasis,0.562328509848863,0.0027632392765948,Poor
wavelet.LHL_gldm_LargeDependenceHighGrayLevelEmphasis,0.223033858917867,0.154922047956533,Poor
wavelet.LHL_gldm_LargeDependenceLowGrayLevelEmphasis,0.313257400565994,0.0742973040882801,Poor
wavelet.LHL_gldm_LowGrayLevelEmphasis,0.380006175083011,0.0379239512313868,Poor
wavelet.LHL_gldm_SmallDependenceEmphasis,0.605979995866052,0.0011613220534972,Poor
wavelet.LHL_gldm_SmallDependenceHighGrayLevelEmphasis,0.458144949300276,0.0145254354144363,Poor
wavelet.LHL_gldm_SmallDependenceLowGrayLevelEmphasis,0.350613974857161,0.0517664314801682,Poor
wavelet.LHL_ngtdm_Complexity,0.131725312476003,0.275638415167014,Poor
wavelet.LHL_ngtdm_Contrast,0.798319603444218,2.7631352378158e-06,Good
wavelet.LHL_ngtdm_Strength,0.839769189308447,3.02450169801854e-07,Good
wavelet.LHH_firstorder_10Percentile,0.914427719643652,5.96896648135984e-10,Excellent
wavelet.LHH_firstorder_90Percentile,0.901222176888591,2.5300963718760902e-09,Excellent
wavelet.LHH_firstorder_Entropy,0.457502109531589,0.0146534083151364,Poor
wavelet.LHH_firstorder_InterquartileRange,0.922601108414658,2.16209475904574e-10,Excellent
wavelet.LHH_firstorder_Kurtosis,0.369270680379006,0.0426113008109266,Poor
wavelet.LHH_firstorder_Maximum,0.32044840618996,0.0695004443070676,Poor
wavelet.LHH_firstorder_MeanAbsoluteDeviation,0.903679777391505,1.96479319279579e-09,Excellent
wavelet.LHH_firstorder_Mean,0.169143633583488,0.221687476919341,Poor
wavelet.LHH_firstorder_Median,0.144647701103066,0.256360152459368,Poor
wavelet.LHH_firstorder_Minimum,0.58845008922234,0.0016689992541294,Poor
wavelet.LHH_firstorder_Range,0.480407813373528,0.010613336745887,Poor
wavelet.LHH_firstorder_RobustMeanAbsoluteDeviation,0.924914275011483,1.58944545740052e-10,Excellent
wavelet.LHH_firstorder_RootMeanSquared,0.162567153323509,0.230745386167568,Poor
wavelet.LHH_firstorder_Skewness,0.539311310172661,0.0041709052370723,Poor
wavelet.LHH_firstorder_Uniformity,0.506657035505372,0.0071394398232552,Poor
wavelet.LHH_firstorder_Variance,0.885467827772557,1.11002190566389e-08,Good
wavelet.LHH_glcm_Autocorrelation,0.374595719459224,0.0402350859158201,Poor
wavelet.LHH_glcm_ClusterProminence,0.197668199414778,0.184650497657071,Poor
wavelet.LHH_glcm_ClusterShade,0.698295846635491,0.0001144220307145,Poor
wavelet.LHH_glcm_ClusterTendency,0.31132786151185,0.0756231660049526,Poor
wavelet.LHH_glcm_Contrast,0.33425320728733,0.0609163819395105,Poor
wavelet.LHH_glcm_Correlation,0.691079853295614,0.0001412864645563,Poor
wavelet.LHH_glcm_DifferenceAverage,0.44179367370485,0.0180689355945608,Poor
wavelet.LHH_glcm_DifferenceEntropy,0.483577791592318,0.0101330263059773,Poor
wavelet.LHH_glcm_DifferenceVariance,0.294431647459911,0.0879484187431788,Poor
wavelet.LHH_glcm_Id,0.52987037722471,0.0048983983801921,Poor
wavelet.LHH_glcm_Idm,0.529442108765531,0.0049337272270559,Poor
wavelet.LHH_glcm_Idmn,0.354201170496887,0.0499030088294749,Poor
wavelet.LHH_glcm_Idn,0.464808414786509,0.013250544099295,Poor
wavelet.LHH_glcm_Imc1,0.841799954990856,2.6716692938697e-07,Good
wavelet.LHH_glcm_InverseVariance,0.526637962150023,0.0051702642708354,Poor
wavelet.LHH_glcm_JointAverage,0.374498237156935,0.0402776728812587,Poor
wavelet.LHH_glcm_JointEnergy,0.453035890522817,0.0155674390471042,Poor
wavelet.LHH_glcm_JointEntropy,0.440122242676983,0.0184664081094121,Poor
wavelet.LHH_glcm_MCC,0.359335425927407,0.0473225107884595,Poor
wavelet.LHH_glcm_MaximumProbability,0.428597568830948,0.0213974732086758,Poor
wavelet.LHH_glcm_SumAverage,0.374498237166716,0.0402776728769841,Poor
wavelet.LHH_glcm_SumEntropy,0.468548892126406,0.0125750250946289,Poor
wavelet.LHH_glcm_SumSquares,0.322019030411117,0.0684827401180155,Poor
wavelet.LHH_glrlm_GrayLevelNonUniformityNormalized,0.508523479228566,0.0069329281103037,Poor
wavelet.LHH_glrlm_GrayLevelVariance,0.302658099745577,0.0817858107777969,Poor
wavelet.LHH_glrlm_HighGrayLevelRunEmphasis,0.369751771731117,0.0423924165781308,Poor
wavelet.LHH_glrlm_LongRunEmphasis,0.532955456580459,0.0046500056989945,Poor
wavelet.LHH_glrlm_LongRunHighGrayLevelEmphasis,0.424195291077731,0.0226083748097989,Poor
wavelet.LHH_glrlm_LongRunLowGrayLevelEmphasis,0.380718535859833,0.0376272721545856,Poor
wavelet.LHH_glrlm_LowGrayLevelRunEmphasis,0.41898918123133,0.0241084834278798,Poor
wavelet.LHH_glrlm_RunEntropy,0.416765598764023,0.0247722414861703,Poor
wavelet.LHH_glrlm_RunLengthNonUniformityNormalized,0.557589443851588,0.0030148685736438,Poor
wavelet.LHH_glrlm_RunPercentage,0.54823056390573,0.0035679696016992,Poor
wavelet.LHH_glrlm_RunVariance,0.524566786604023,0.0053508918837525,Poor
wavelet.LHH_glrlm_ShortRunEmphasis,0.551578709074223,0.0033611679438005,Poor
wavelet.LHH_glrlm_ShortRunHighGrayLevelEmphasis,0.359346095020334,0.047317253362559,Poor
wavelet.LHH_glrlm_ShortRunLowGrayLevelEmphasis,0.42719986747178,0.0217763087171575,Poor
wavelet.LHH_glszm_GrayLevelNonUniformityNormalized,0.467922005105363,0.0126862765961916,Poor
wavelet.LHH_glszm_GrayLevelVariance,0.27068582650275,0.107504029124889,Poor
wavelet.LHH_glszm_HighGrayLevelZoneEmphasis,0.364915074711344,0.0446315453679913,Poor
wavelet.LHH_glszm_LargeAreaEmphasis,0.0774322401914682,0.362946184945306,Poor
wavelet.LHH_glszm_LargeAreaHighGrayLevelEmphasis,0.0952723836743934,0.333259020141214,Poor
wavelet.LHH_glszm_LargeAreaLowGrayLevelEmphasis,0.0609211428460112,0.391115032957625,Poor
wavelet.LHH_glszm_LowGrayLevelZoneEmphasis,0.44328092065445,0.0177209532783844,Poor
wavelet.LHH_glszm_SizeZoneNonUniformityNormalized,0.448089442814107,0.0166318702683109,Poor
wavelet.LHH_glszm_SmallAreaEmphasis,0.478700469841638,0.0108795187101779,Poor
wavelet.LHH_glszm_SmallAreaHighGrayLevelEmphasis,0.339831914657382,0.0576743490381378,Poor
wavelet.LHH_glszm_SmallAreaLowGrayLevelEmphasis,0.460843036289354,0.013997971018132,Poor
wavelet.LHH_glszm_ZoneEntropy,0.515735451787015,0.0061802073917049,Poor
wavelet.LHH_glszm_ZonePercentage,0.568473962066197,0.0024632234629622,Poor
wavelet.LHH_glszm_ZoneVariance,0.0677741017219218,0.379351274147178,Poor
wavelet.LHH_gldm_DependenceEntropy,0.158671532675,0.236199170725292,Poor
wavelet.LHH_gldm_DependenceNonUniformityNormalized,0.504324029163926,0.0074045926513694,Poor
wavelet.LHH_gldm_DependenceVariance,0.464088094806332,0.0133838946645244,Poor
wavelet.LHH_gldm_GrayLevelVariance,0.304541132408641,0.0804185611753894,Poor
wavelet.LHH_gldm_HighGrayLevelEmphasis,0.370014915985403,0.0422730484543326,Poor
wavelet.LHH_gldm_LargeDependenceEmphasis,0.505472694765217,0.0072730596355543,Poor
wavelet.LHH_gldm_LargeDependenceHighGrayLevelEmphasis,0.624989236549061,0.0007648459606736,Poor
wavelet.LHH_gldm_LargeDependenceLowGrayLevelEmphasis,0.293295597685433,0.0888238792791601,Poor
wavelet.LHH_gldm_LowGrayLevelEmphasis,0.417180195306974,0.0246474197267769,Poor
wavelet.LHH_gldm_SmallDependenceEmphasis,0.549386691353491,0.0034954002037233,Poor
wavelet.LHH_gldm_SmallDependenceHighGrayLevelEmphasis,0.35279361410253,0.0506282034055109,Poor
wavelet.LHH_gldm_SmallDependenceLowGrayLevelEmphasis,0.489886201747391,0.0092292891220389,Poor
wavelet.LHH_ngtdm_Complexity,0.106937834696011,0.314340025935859,Poor
wavelet.LHH_ngtdm_Contrast,0.383993053578914,0.0362859758567167,Poor
wavelet.HLL_firstorder_10Percentile,0.900627765906892,2.68700690048381e-09,Excellent
wavelet.HLL_firstorder_90Percentile,0.907866473565405,1.25688606762355e-09,Excellent
wavelet.HLL_firstorder_Entropy,0.59536866613008,0.0014499717268136,Poor
wavelet.HLL_firstorder_InterquartileRange,0.916989952640427,4.39068919848572e-10,Excellent
wavelet.HLL_firstorder_Kurtosis,0.338322723928748,0.0585387644737339,Poor
wavelet.HLL_firstorder_Maximum,0.505023495869622,0.0073242687360721,Poor
wavelet.HLL_firstorder_MeanAbsoluteDeviation,0.893560375403346,5.3451371841049e-09,Good
wavelet.HLL_firstorder_Mean,0.410008914047772,0.0268762600045906,Poor
wavelet.HLL_firstorder_Median,0.278311529758324,0.100933940746591,Poor
wavelet.HLL_firstorder_Minimum,0.471713228400839,0.0120253062294259,Poor
wavelet.HLL_firstorder_Range,0.575535668362411,0.0021525622623176,Poor
wavelet.HLL_firstorder_RobustMeanAbsoluteDeviation,0.915567552110005,5.21303072814273e-10,Excellent
wavelet.HLL_firstorder_RootMeanSquared,0.411866073904735,0.0262846993703872,Poor
wavelet.HLL_firstorder_Skewness,0.361911487539852,0.0460655998427094,Poor
wavelet.HLL_firstorder_Uniformity,0.557599036433491,0.0030143406243875,Poor
wavelet.HLL_firstorder_Variance,0.8737315240079,2.92252364239798e-08,Good
wavelet.HLL_glcm_Autocorrelation,0.0001891824223171,0.498219550827281,Poor
wavelet.HLL_glcm_ClusterProminence,0.604999740343763,0.0011857667598225,Poor
wavelet.HLL_glcm_ClusterShade,0.318458089639627,0.0708054717786052,Poor
wavelet.HLL_glcm_ClusterTendency,0.618419707689468,0.0008862686840322,Poor
wavelet.HLL_glcm_Contrast,0.664805124863074,0.0002903807643909,Poor
wavelet.HLL_glcm_Correlation,0.731810452200298,3.94557642623034e-05,Poor
wavelet.HLL_glcm_DifferenceAverage,0.65589892344168,0.000364985151855,Poor
wavelet.HLL_glcm_DifferenceEntropy,0.609982377082621,0.0010658868526175,Poor
wavelet.HLL_glcm_DifferenceVariance,0.643552695800305,0.000495213064029,Poor
wavelet.HLL_glcm_Id,0.614366996269347,0.0009690428517278,Poor
wavelet.HLL_glcm_Idm,0.597845221952103,0.001377704772767,Poor
wavelet.HLL_glcm_Idmn,0.66304597422923,0.0003039757077258,Poor
wavelet.HLL_glcm_Idn,0.652027975622209,0.0004022091223068,Poor
wavelet.HLL_glcm_Imc1,0.876147484106728,2.41379552440341e-08,Good
wavelet.HLL_glcm_Imc2,0.870488908808804,3.75503666500848e-08,Good
wavelet.HLL_glcm_InverseVariance,0.589165040273561,0.0016451489991165,Poor
wavelet.HLL_glcm_JointAverage,0.011888397110194,0.519754963398103,Poor
wavelet.HLL_glcm_JointEnergy,0.473287764715489,0.0117590359218984,Poor
wavelet.HLL_glcm_JointEntropy,0.554896929010704,0.0031661303457925,Poor
wavelet.HLL_glcm_MCC,0.276326718886324,0.102617350400599,Poor
wavelet.HLL_glcm_MaximumProbability,0.473035716744099,0.0118013392217554,Poor
wavelet.HLL_glcm_SumAverage,0.0118883968827292,0.519754962992869,Poor
wavelet.HLL_glcm_SumEntropy,0.559545176235786,0.0029088091763631,Poor
wavelet.HLL_glcm_SumSquares,0.639756894574563,0.0005424834986163,Poor
wavelet.HLL_glrlm_GrayLevelNonUniformityNormalized,0.560043889476785,0.0028822668132793,Poor
wavelet.HLL_glrlm_GrayLevelVariance,0.648472536738909,0.0004392185415033,Poor
wavelet.HLL_glrlm_HighGrayLevelRunEmphasis,0.0029163127634693,0.493354883649325,Poor
wavelet.HLL_glrlm_LongRunEmphasis,0.575572834969912,0.0021510184698557,Poor
wavelet.HLL_glrlm_LongRunHighGrayLevelEmphasis,0.0276018900703578,0.547679451057993,Poor
wavelet.HLL_glrlm_LongRunLowGrayLevelEmphasis,0.109531567709333,0.310191604392311,Poor
wavelet.HLL_glrlm_LowGrayLevelRunEmphasis,0.193375723427096,0.189984172300987,Poor
wavelet.HLL_glrlm_RunEntropy,0.58518489711579,0.0017816538372128,Poor
wavelet.HLL_glrlm_RunLengthNonUniformityNormalized,0.604779923517518,0.001191307646639,Poor
wavelet.HLL_glrlm_RunPercentage,0.594183089781763,0.0014856823192941,Poor
wavelet.HLL_glrlm_RunVariance,0.564631597718048,0.0026474243447175,Poor
wavelet.HLL_glrlm_ShortRunEmphasis,0.596692965914372,0.001410940746732,Poor
wavelet.HLL_glrlm_ShortRunHighGrayLevelEmphasis,0.017634613872061,0.467129568376568,Poor
wavelet.HLL_glrlm_ShortRunLowGrayLevelEmphasis,0.217604506806247,0.161025105603218,Poor
wavelet.HLL_glszm_GrayLevelNonUniformityNormalized,0.572479589588477,0.0022827175724212,Poor
wavelet.HLL_glszm_GrayLevelVariance,0.636029145077082,0.0005926040531452,Poor
wavelet.HLL_glszm_HighGrayLevelZoneEmphasis,0.0057619752540618,0.508834498303553,Poor
wavelet.HLL_glszm_LargeAreaEmphasis,0.173858956068654,0.215310079871138,Poor
wavelet.HLL_glszm_LargeAreaHighGrayLevelEmphasis,0.0883620216219606,0.344656319847886,Poor
wavelet.HLL_glszm_LargeAreaLowGrayLevelEmphasis,0.282487570533842,0.0974529563633811,Poor
wavelet.HLL_glszm_LowGrayLevelZoneEmphasis,0.2819715329366,0.097878645977957,Poor
wavelet.HLL_glszm_SizeZoneNonUniformity,0.939248680024487,1.8385072726343298e-11,Excellent
wavelet.HLL_glszm_SizeZoneNonUniformityNormalized,0.655752953754924,0.000366333210338,Poor
wavelet.HLL_glszm_SmallAreaEmphasis,0.651390265405909,0.0004086432729425,Poor
wavelet.HLL_glszm_SmallAreaHighGrayLevelEmphasis,0.078665448589672,0.360867298444978,Poor
wavelet.HLL_glszm_SmallAreaLowGrayLevelEmphasis,0.437523823391548,0.0190979392374251,Poor
wavelet.HLL_glszm_ZoneEntropy,0.301754828560083,0.0824473699257264,Poor
wavelet.HLL_glszm_ZonePercentage,0.630727330977221,0.0006706609810087,Poor
wavelet.HLL_glszm_ZoneVariance,0.145571247321498,0.255007591881894,Poor
wavelet.HLL_gldm_DependenceEntropy,0.369934250088761,0.0423096135966661,Poor
wavelet.HLL_gldm_DependenceNonUniformityNormalized,0.659002012317623,0.0003373170472249,Poor
wavelet.HLL_gldm_DependenceVariance,0.548876702336839,0.0035272595192385,Poor
wavelet.HLL_gldm_GrayLevelVariance,0.649503888782062,0.0004281945023878,Poor
wavelet.HLL_gldm_HighGrayLevelEmphasis,0.0034404883993318,0.492419918150086,Poor
wavelet.HLL_gldm_LargeDependenceEmphasis,0.553775022001478,0.0032309922940976,Poor
wavelet.HLL_gldm_LargeDependenceHighGrayLevelEmphasis,0.355821948950945,0.0490774646950507,Poor
wavelet.HLL_gldm_LargeDependenceLowGrayLevelEmphasis,0.358678919208517,0.0476468507107943,Poor
wavelet.HLL_gldm_LowGrayLevelEmphasis,0.18738741422243,0.197568819384232,Poor
wavelet.HLL_gldm_SmallDependenceEmphasis,0.640694344984367,0.0005304649297525,Poor
wavelet.HLL_gldm_SmallDependenceHighGrayLevelEmphasis,0.316255629291359,0.0722697435689798,Poor
wavelet.HLL_gldm_SmallDependenceLowGrayLevelEmphasis,0.568251901900876,0.0024735691469397,Poor
wavelet.HLL_ngtdm_Complexity,0.515339948026537,0.0062196747741439,Poor
wavelet.HLL_ngtdm_Contrast,0.713104832695626,7.27906826071366e-05,Poor
wavelet.HLH_firstorder_10Percentile,0.891533036092335,6.45354652725689e-09,Good
wavelet.HLH_firstorder_90Percentile,0.899830624442465,2.9110977282976503e-09,Good
wavelet.HLH_firstorder_Entropy,0.555883865960443,0.0031099697927805,Poor
wavelet.HLH_firstorder_InterquartileRange,0.903206596467255,2.06389660386485e-09,Excellent
wavelet.HLH_firstorder_Kurtosis,0.430949308680576,0.0207716848673908,Poor
wavelet.HLH_firstorder_Maximum,0.432164844962801,0.0204538947460177,Poor
wavelet.HLH_firstorder_MeanAbsoluteDeviation,0.891693496832783,6.3588698630236e-09,Good
wavelet.HLH_firstorder_Mean,0.40818194296189,0.0274681661372063,Poor
wavelet.HLH_firstorder_Median,0.534398331286536,0.0045374489178189,Poor
wavelet.HLH_firstorder_Minimum,0.624457159400669,0.0007741226362034,Poor
wavelet.HLH_firstorder_Range,0.623620546589286,0.0007889022729606,Poor
wavelet.HLH_firstorder_RobustMeanAbsoluteDeviation,0.904062180111115,1.8878402380885202e-09,Excellent
wavelet.HLH_firstorder_RootMeanSquared,0.402213898810246,0.0294718326052847,Poor
wavelet.HLH_firstorder_Skewness,0.0852199742080557,0.647239277260095,Poor
wavelet.HLH_firstorder_Uniformity,0.497176004660437,0.0082672817045814,Poor
wavelet.HLH_firstorder_Variance,0.89885331985984,3.20858073621938e-09,Good
wavelet.HLH_glcm_Autocorrelation,0.124536240232026,0.710507899279505,Poor
wavelet.HLH_glcm_ClusterProminence,0.582725539446788,0.0018706636367786,Poor
wavelet.HLH_glcm_ClusterShade,0.0793982368711985,0.637485969788173,Poor
wavelet.HLH_glcm_ClusterTendency,0.631795182144048,0.000654271713692,Poor
wavelet.HLH_glcm_Contrast,0.662682024087028,0.0003068556046582,Poor
wavelet.HLH_glcm_Correlation,0.763064236667892,1.25806650201892e-05,Good
wavelet.HLH_glcm_DifferenceAverage,0.646628604664844,0.0004595342080228,Poor
wavelet.HLH_glcm_DifferenceEntropy,0.574175571976531,0.0022096983496659,Poor
wavelet.HLH_glcm_DifferenceVariance,0.61847751860044,0.0008851328081372,Poor
wavelet.HLH_glcm_Id,0.566614864289929,0.0025509636145929,Poor
wavelet.HLH_glcm_Idm,0.541710876630375,0.0040009808265786,Poor
wavelet.HLH_glcm_Idmn,0.663621217813189,0.0002994712264553,Poor
wavelet.HLH_glcm_Idn,0.63905378162913,0.0005516496508722,Poor
wavelet.HLH_glcm_InverseVariance,0.553581922803669,0.0032422667010213,Poor
wavelet.HLH_glcm_JointAverage,0.123554059520634,0.70898932393304,Poor
wavelet.HLH_glcm_JointEnergy,0.395321150335279,0.0319232704198578,Poor
wavelet.HLH_glcm_JointEntropy,0.511003602730058,0.0066660777830611,Poor
wavelet.HLH_glcm_MCC,0.226622079125207,0.150967008606754,Poor
wavelet.HLH_glcm_MaximumProbability,0.384763966675447,0.0359755197592369,Poor
wavelet.HLH_glcm_SumAverage,0.123554059480834,0.708989323871435,Poor
wavelet.HLH_glcm_SumEntropy,0.545674532525219,0.0037328509734528,Poor
wavelet.HLH_glcm_SumSquares,0.647129256785855,0.0004539403101112,Poor
wavelet.HLH_glrlm_GrayLevelNonUniformityNormalized,0.500918550599913,0.0078059705951842,Poor
wavelet.HLH_glrlm_GrayLevelVariance,0.651441419465295,0.0004081239241891,Poor
wavelet.HLH_glrlm_HighGrayLevelRunEmphasis,0.202137934909261,0.818121194472646,Poor
wavelet.HLH_glrlm_LongRunEmphasis,0.481208902334015,0.0104902624651724,Poor
wavelet.HLH_glrlm_LongRunHighGrayLevelEmphasis,0.0675137102004159,0.61732058498711,Poor
wavelet.HLH_glrlm_LongRunLowGrayLevelEmphasis,0.68275428970752,0.0001789077510842,Poor
wavelet.HLH_glrlm_LowGrayLevelRunEmphasis,0.740848628276452,2.88213967181425e-05,Poor
wavelet.HLH_glrlm_RunEntropy,0.560505342127104,0.0028578874561324,Poor
wavelet.HLH_glrlm_RunLengthNonUniformityNormalized,0.511367735654085,0.0066276143738769,Poor
wavelet.HLH_glrlm_RunPercentage,0.499829283886784,0.0079380221150143,Poor
wavelet.HLH_glrlm_RunVariance,0.472132089018589,0.0119540058658947,Poor
wavelet.HLH_glrlm_ShortRunEmphasis,0.50173488305298,0.0077081814885532,Poor
wavelet.HLH_glrlm_ShortRunHighGrayLevelEmphasis,0.228690640106015,0.848699278718162,Poor
wavelet.HLH_glrlm_ShortRunLowGrayLevelEmphasis,0.752136781641903,1.9117017380712e-05,Good
wavelet.HLH_glszm_GrayLevelNonUniformityNormalized,0.533233248960958,0.0046281585017824,Poor
wavelet.HLH_glszm_GrayLevelVariance,0.64733057492108,0.0004517074192465,Poor
wavelet.HLH_glszm_HighGrayLevelZoneEmphasis,0.196756482774985,0.811516056330452,Poor
wavelet.HLH_glszm_LargeAreaEmphasis,0.119875373020332,0.293871191711406,Poor
wavelet.HLH_glszm_LargeAreaHighGrayLevelEmphasis,0.212670541061721,0.166694818914632,Poor
wavelet.HLH_glszm_LargeAreaLowGrayLevelEmphasis,0.0032799568242323,0.504407796179955,Poor
wavelet.HLH_glszm_LowGrayLevelZoneEmphasis,0.775975000951788,7.45216870921486e-06,Good
wavelet.HLH_glszm_SizeZoneNonUniformityNormalized,0.604068670051142,0.0012093863227708,Poor
wavelet.HLH_glszm_SmallAreaEmphasis,0.592633717719778,0.0015334652347743,Poor
wavelet.HLH_glszm_SmallAreaHighGrayLevelEmphasis,0.296450611103462,0.911398797327042,Poor
wavelet.HLH_glszm_SmallAreaLowGrayLevelEmphasis,0.819198839414304,9.72193552733089e-07,Good
wavelet.HLH_glszm_ZoneEntropy,0.5486280499357,0.0035428800799924,Poor
wavelet.HLH_glszm_ZonePercentage,0.564044952559652,0.0026765333365373,Poor
wavelet.HLH_glszm_ZoneVariance,0.092918553133237,0.33712597523249,Poor
wavelet.HLH_gldm_DependenceEntropy,0.5018157583967,0.0076985478281751,Poor
wavelet.HLH_gldm_DependenceNonUniformityNormalized,0.618617471828628,0.00088238810548,Poor
wavelet.HLH_gldm_DependenceVariance,0.436438744941844,0.01936662674049,Poor
wavelet.HLH_gldm_GrayLevelVariance,0.651748772936806,0.0004050153634456,Poor
wavelet.HLH_gldm_HighGrayLevelEmphasis,0.202229314786542,0.818232179257741,Poor
wavelet.HLH_gldm_LargeDependenceEmphasis,0.441395535549867,0.0181629975898815,Poor
wavelet.HLH_gldm_LargeDependenceHighGrayLevelEmphasis,0.468219103572022,0.0126334539108908,Poor
wavelet.HLH_gldm_LargeDependenceLowGrayLevelEmphasis,0.12861153672978,0.716771501826835,Poor
wavelet.HLH_gldm_LowGrayLevelEmphasis,0.736976200511133,3.30232858334384e-05,Poor
wavelet.HLH_gldm_SmallDependenceEmphasis,0.583607769059843,0.0018383140031478,Poor
wavelet.HLH_gldm_SmallDependenceHighGrayLevelEmphasis,0.135281727031264,0.726890686412474,Poor
wavelet.HLH_gldm_SmallDependenceLowGrayLevelEmphasis,0.845704387089611,2.09444910702474e-07,Good
wavelet.HLH_ngtdm_Complexity,0.481234007455859,0.0104864241136695,Poor
wavelet.HLH_ngtdm_Contrast,0.752928603279013,1.85593947769233e-05,Good
wavelet.HHL_firstorder_10Percentile,0.947595013530537,4.05034706402974e-12,Excellent
wavelet.HHL_firstorder_90Percentile,0.955567320904752,7.43182454116627e-13,Excellent
wavelet.HHL_firstorder_Entropy,0.589532992980884,0.0016329865255617,Poor
wavelet.HHL_firstorder_InterquartileRange,0.94407812570567,7.8804763699002e-12,Excellent
wavelet.HHL_firstorder_Kurtosis,0.600359345853569,0.0013074731563592,Poor
wavelet.HHL_firstorder_Maximum,0.547515692887483,0.0036134632828542,Poor
wavelet.HHL_firstorder_MeanAbsoluteDeviation,0.944759598288325,6.95063530843084e-12,Excellent
wavelet.HHL_firstorder_Mean,0.18923140907472,0.195215508073887,Poor
wavelet.HHL_firstorder_Median,0.0443578832506724,0.577207900949039,Poor
wavelet.HHL_firstorder_Minimum,0.432069698733759,0.0204786317192586,Poor
wavelet.HHL_firstorder_Range,0.542140876311807,0.0039711440708916,Poor
wavelet.HHL_firstorder_RobustMeanAbsoluteDeviation,0.949896647226936,2.5547337065657397e-12,Excellent
wavelet.HHL_firstorder_RootMeanSquared,0.18603718247337,0.199301957043157,Poor
wavelet.HHL_firstorder_Skewness,0.0196154837163356,0.533506757210026,Poor
wavelet.HHL_firstorder_Uniformity,0.54444834850591,0.00381415924554,Poor
wavelet.HHL_firstorder_Variance,0.943186307432145,9.26595461195386e-12,Excellent
wavelet.HHL_glcm_Autocorrelation,0.211726042787186,0.829551102734012,Poor
wavelet.HHL_glcm_ClusterProminence,0.326268521681579,0.0657825040263563,Poor
wavelet.HHL_glcm_ClusterShade,0.293022834591587,0.0890349634239646,Poor
wavelet.HHL_glcm_ClusterTendency,0.523325471011946,0.005461608199348,Poor
wavelet.HHL_glcm_Contrast,0.559394429624051,0.0029168721007094,Poor
wavelet.HHL_glcm_Correlation,0.863303153269785,6.39472135240556e-08,Good
wavelet.HHL_glcm_DifferenceAverage,0.617435950707592,0.000905788181457,Poor
wavelet.HHL_glcm_DifferenceEntropy,0.594310216590847,0.0014818180303809,Poor
wavelet.HHL_glcm_DifferenceVariance,0.523102370840332,0.0054817050052849,Poor
wavelet.HHL_glcm_Id,0.608943996445495,0.0010899845835246,Poor
wavelet.HHL_glcm_Idm,0.589274469012376,0.0016415239583432,Poor
wavelet.HHL_glcm_Idmn,0.577467709770241,0.0020735299055872,Poor
wavelet.HHL_glcm_Idn,0.627518359945917,0.0007220327714085,Poor
wavelet.HHL_glcm_Imc1,0.834160712279164,4.22342319958327e-07,Good
wavelet.HHL_glcm_InverseVariance,0.59979593328442,0.0013229432905001,Poor
wavelet.HHL_glcm_JointAverage,0.206221577404513,0.823042505937381,Poor
wavelet.HHL_glcm_JointEnergy,0.424334727319665,0.0225692208912618,Poor
wavelet.HHL_glcm_JointEntropy,0.551211515607857,0.0033833504644792,Poor
wavelet.HHL_glcm_MCC,0.67995122112354,0.0001933832696305,Poor
wavelet.HHL_glcm_MaximumProbability,0.381934784694914,0.0371247846406299,Poor
wavelet.HHL_glcm_SumAverage,0.206221578328295,0.823042507041744,Poor
wavelet.HHL_glcm_SumEntropy,0.566709368045784,0.0025464414413241,Poor
wavelet.HHL_glcm_SumSquares,0.541280061877202,0.004031059792877,Poor
wavelet.HHL_glrlm_GrayLevelNonUniformityNormalized,0.551478416439861,0.0033672147028725,Poor
wavelet.HHL_glrlm_GrayLevelVariance,0.563748753229335,0.002691331670504,Poor
wavelet.HHL_glrlm_HighGrayLevelRunEmphasis,0.238496993664174,0.859135703455874,Poor
wavelet.HHL_glrlm_LongRunEmphasis,0.520739470863296,0.0056983037645568,Poor
wavelet.HHL_glrlm_LongRunHighGrayLevelEmphasis,0.152295203646507,0.751919126776246,Poor
wavelet.HHL_glrlm_LongRunLowGrayLevelEmphasis,0.0763526324811285,0.364769180310257,Poor
wavelet.HHL_glrlm_LowGrayLevelRunEmphasis,0.151335731678279,0.246643713808586,Poor
wavelet.HHL_glrlm_RunEntropy,0.593045106637752,0.0015206534884133,Poor
wavelet.HHL_glrlm_RunLengthNonUniformityNormalized,0.555918432642392,0.0031080179267652,Poor
wavelet.HHL_glrlm_RunPercentage,0.543680040261084,0.0038658488060393,Poor
wavelet.HHL_glrlm_RunVariance,0.507926044094237,0.0069984940215414,Poor
wavelet.HHL_glrlm_ShortRunEmphasis,0.545774630276113,0.0037262773648654,Poor
wavelet.HHL_glrlm_ShortRunHighGrayLevelEmphasis,0.246080369610541,0.866887690961282,Poor
wavelet.HHL_glrlm_ShortRunLowGrayLevelEmphasis,0.16880219721869,0.222153085754975,Poor
wavelet.HHL_glszm_GrayLevelNonUniformityNormalized,0.609728974869163,0.0010717255524926,Poor
wavelet.HHL_glszm_GrayLevelVariance,0.577730294970599,0.0020629786950108,Poor
wavelet.HHL_glszm_HighGrayLevelZoneEmphasis,0.235192710160997,0.85567101180787,Poor
wavelet.HHL_glszm_LargeAreaEmphasis,0.0429492441800767,0.422375567954027,Poor
wavelet.HHL_glszm_LargeAreaHighGrayLevelEmphasis,0.0311643438401598,0.443130410494299,Poor
wavelet.HHL_glszm_LargeAreaLowGrayLevelEmphasis,0.0574181672590701,0.397164229632358,Poor
wavelet.HHL_glszm_LowGrayLevelZoneEmphasis,0.158630575595317,0.236256854447259,Poor
wavelet.HHL_glszm_SizeZoneNonUniformityNormalized,0.658872744026608,0.0003384326109534,Poor
wavelet.HHL_glszm_SmallAreaEmphasis,0.663280476140413,0.0003021324472761,Poor
wavelet.HHL_glszm_SmallAreaHighGrayLevelEmphasis,0.209888456228399,0.827394310010972,Poor
wavelet.HHL_glszm_SmallAreaLowGrayLevelEmphasis,0.264706195027302,0.112850434273691,Poor
wavelet.HHL_glszm_ZoneEntropy,0.574040511034216,0.0022154407280145,Poor
wavelet.HHL_glszm_ZonePercentage,0.598572996071889,0.0013570548698635,Poor
wavelet.HHL_glszm_ZoneVariance,0.0302470470564626,0.44475251942205,Poor
wavelet.HHL_gldm_DependenceEntropy,0.531135891427821,0.0047952177160799,Poor
wavelet.HHL_gldm_DependenceNonUniformityNormalized,0.616043956217448,0.0009340303420695,Poor
wavelet.HHL_gldm_DependenceVariance,0.47012886484516,0.0122980898162745,Poor
wavelet.HHL_gldm_GrayLevelVariance,0.562794389422681,0.0027394772079966,Poor
wavelet.HHL_gldm_HighGrayLevelEmphasis,0.238710531119886,0.859357791812563,Poor
wavelet.HHL_gldm_LargeDependenceEmphasis,0.480711736889587,0.0105665078430936,Poor
wavelet.HHL_gldm_LargeDependenceHighGrayLevelEmphasis,0.368693299404698,0.0428751067109884,Poor
wavelet.HHL_gldm_LargeDependenceLowGrayLevelEmphasis,0.313388780038689,0.0742076277410212,Poor
wavelet.HHL_gldm_LowGrayLevelEmphasis,0.14972444965507,0.248967871491876,Poor
wavelet.HHL_gldm_SmallDependenceEmphasis,0.619243792515424,0.0008701933083566,Poor
wavelet.HHL_gldm_SmallDependenceHighGrayLevelEmphasis,0.153873414208462,0.243005099872507,Poor
wavelet.HHL_gldm_SmallDependenceLowGrayLevelEmphasis,0.396246813980365,0.0315853111577084,Poor
wavelet.HHL_ngtdm_Complexity,0.328614215841166,0.0643250466796691,Poor
wavelet.HHL_ngtdm_Contrast,0.683028240241605,0.0001775445766189,Poor
wavelet.HHH_firstorder_10Percentile,0.919731787840627,3.12601118780367e-10,Excellent
wavelet.HHH_firstorder_90Percentile,0.934304294014054,4.08509408036829e-11,Excellent
wavelet.HHH_firstorder_Entropy,0.644020134286082,0.0004896431447774,Poor
wavelet.HHH_firstorder_InterquartileRange,0.927624674349412,1.094294927742e-10,Excellent
wavelet.HHH_firstorder_Kurtosis,0.600226412391716,0.0013111093967455,Poor
wavelet.HHH_firstorder_Maximum,0.603581363777569,0.0012219060929374,Poor
wavelet.HHH_firstorder_MeanAbsoluteDeviation,0.923221903596459,1.9926118256271002e-10,Excellent
wavelet.HHH_firstorder_Mean,0.111378769766693,0.689884723561038,Poor
wavelet.HHH_firstorder_Median,0.0041221327900941,0.491204124952315,Poor
wavelet.HHH_firstorder_Minimum,0.613374847720892,0.0009902766352076,Poor
wavelet.HHH_firstorder_Range,0.654320799204196,0.0003797875042872,Poor
wavelet.HHH_firstorder_RobustMeanAbsoluteDeviation,0.931371284315187,6.373747128856829e-11,Excellent
wavelet.HHH_firstorder_RootMeanSquared,0.106642031400062,0.682317528224955,Poor
wavelet.HHH_firstorder_Skewness,0.0789755503675626,0.636774492857108,Poor
wavelet.HHH_firstorder_Uniformity,0.588095533026253,0.0016809344270619,Poor
wavelet.HHH_firstorder_Variance,0.930860750277476,6.87306478827177e-11,Excellent
wavelet.HHH_glcm_Autocorrelation,0.0811368181609085,0.640407712067173,Poor
wavelet.HHH_glcm_ClusterProminence,0.799044468216763,2.67018567336494e-06,Good
wavelet.HHH_glcm_ClusterShade,0.134238026911455,0.271839153925106,Poor
wavelet.HHH_glcm_ClusterTendency,0.762175022361503,1.3027033609268e-05,Good
wavelet.HHH_glcm_Contrast,0.77157640253504,8.94122779729475e-06,Good
wavelet.HHH_glcm_Correlation,0.825888516173545,6.76196060366379e-07,Good
wavelet.HHH_glcm_DifferenceAverage,0.73461890493941,3.58349965139935e-05,Poor
wavelet.HHH_glcm_DifferenceEntropy,0.661785757704638,0.0003140477848955,Poor
wavelet.HHH_glcm_DifferenceVariance,0.746383574418115,2.36284573283507e-05,Poor
wavelet.HHH_glcm_Id,0.663528324303303,0.0003001947277027,Poor
wavelet.HHH_glcm_Idm,0.64452681944281,0.0004836661468577,Poor
wavelet.HHH_glcm_Idmn,0.764750683800509,1.17708351305364e-05,Good
wavelet.HHH_glcm_Idn,0.723784988236294,5.16186078595538e-05,Poor
wavelet.HHH_glcm_InverseVariance,0.648218312155044,0.000441972944309,Poor
wavelet.HHH_glcm_JointAverage,0.0910079168813824,0.656847264277409,Poor
wavelet.HHH_glcm_JointEnergy,0.504319101415878,0.0074051610662064,Poor
wavelet.HHH_glcm_JointEntropy,0.602228611174911,0.0012572361692669,Poor
wavelet.HHH_glcm_MCC,0.565618626378578,0.0025990445400705,Poor
wavelet.HHH_glcm_MaximumProbability,0.464164047312984,0.0133697835523855,Poor
wavelet.HHH_glcm_SumAverage,0.0910079157612873,0.656847262426947,Poor
wavelet.HHH_glcm_SumEntropy,0.647224709672721,0.0004528804337596,Poor
wavelet.HHH_glcm_SumSquares,0.767064651249103,1.07342711420822e-05,Good
wavelet.HHH_glrlm_GrayLevelNonUniformityNormalized,0.589792110194806,0.0016244670142932,Poor
wavelet.HHH_glrlm_GrayLevelVariance,0.758568492202925,1.49831523067997e-05,Good
wavelet.HHH_glrlm_HighGrayLevelRunEmphasis,0.0227065857132691,0.538998019251689,Poor
wavelet.HHH_glrlm_LongRunEmphasis,0.634158336278089,0.0006192115468486,Poor
wavelet.HHH_glrlm_LongRunHighGrayLevelEmphasis,0.0950527400119791,0.663506382809196,Poor
wavelet.HHH_glrlm_LongRunLowGrayLevelEmphasis,0.234292448889724,0.142722432356842,Poor
wavelet.HHH_glrlm_LowGrayLevelRunEmphasis,0.296022835915384,0.0867322284387619,Poor
wavelet.HHH_glrlm_RunEntropy,0.64105658473548,0.0005258821540799,Poor
wavelet.HHH_glrlm_RunLengthNonUniformityNormalized,0.639033543204303,0.0005519154353272,Poor
wavelet.HHH_glrlm_RunPercentage,0.639159260351095,0.000550266202337,Poor
wavelet.HHH_glrlm_RunVariance,0.638521934086469,0.0005586706368499,Poor
wavelet.HHH_glrlm_ShortRunEmphasis,0.634511493446773,0.0006141122341307,Poor
wavelet.HHH_glrlm_ShortRunHighGrayLevelEmphasis,0.0020484617733945,0.494902914375914,Poor
wavelet.HHH_glrlm_ShortRunLowGrayLevelEmphasis,0.310230520494535,0.0763845675278915,Poor
wavelet.HHH_glszm_GrayLevelNonUniformityNormalized,0.602464672357388,0.0012510095121169,Poor
wavelet.HHH_glszm_GrayLevelVariance,0.751933174852489,1.92627527195073e-05,Good
wavelet.HHH_glszm_HighGrayLevelZoneEmphasis,0.0226664315504999,0.538926729996051,Poor
wavelet.HHH_glszm_LargeAreaEmphasis,0.31943052006144,0.0701657074734701,Poor
wavelet.HHH_glszm_LargeAreaHighGrayLevelEmphasis,0.327042358159524,0.0652991076518778,Poor
wavelet.HHH_glszm_LargeAreaLowGrayLevelEmphasis,0.235773877508916,0.14116310927868,Poor
wavelet.HHH_glszm_LowGrayLevelZoneEmphasis,0.311627653073994,0.0754160838275961,Poor
wavelet.HHH_glszm_SizeZoneNonUniformityNormalized,0.683642677388353,0.000174519713475,Poor
wavelet.HHH_glszm_SmallAreaEmphasis,0.683604194049791,0.0001747078513268,Poor
wavelet.HHH_glszm_SmallAreaHighGrayLevelEmphasis,0.16519177877716,0.227107834031167,Poor
wavelet.HHH_glszm_SmallAreaLowGrayLevelEmphasis,0.381131931759132,0.0374559079258452,Poor
wavelet.HHH_glszm_ZoneEntropy,0.576243301969294,0.0021233280234086,Poor
wavelet.HHH_glszm_ZonePercentage,0.669362846433953,0.0002575629334524,Poor
wavelet.HHH_glszm_ZoneVariance,0.264572167460495,0.112972237778855,Poor
wavelet.HHH_gldm_DependenceEntropy,0.573604637986968,0.0022340579729578,Poor
wavelet.HHH_gldm_DependenceNonUniformityNormalized,0.689820397774597,0.0001464951175038,Poor
wavelet.HHH_gldm_DependenceVariance,0.619400475237657,0.0008671650877,Poor
wavelet.HHH_gldm_GrayLevelVariance,0.75889989282489,1.47932514214452e-05,Good
wavelet.HHH_gldm_HighGrayLevelEmphasis,0.0226903163585014,0.538969134964186,Poor
wavelet.HHH_gldm_LargeDependenceEmphasis,0.612689911947346,0.0010051644795053,Poor
wavelet.HHH_gldm_LargeDependenceHighGrayLevelEmphasis,0.41552402111219,0.0251489705651097,Poor
wavelet.HHH_gldm_LargeDependenceLowGrayLevelEmphasis,0.374404444497475,0.0403186798501856,Poor
wavelet.HHH_gldm_LowGrayLevelEmphasis,0.29391731696346,0.0883440326503809,Poor
wavelet.HHH_gldm_SmallDependenceEmphasis,0.676602961379871,0.0002119888228975,Poor
wavelet.HHH_gldm_SmallDependenceHighGrayLevelEmphasis,0.457989698576805,0.0145562601851132,Poor
wavelet.HHH_gldm_SmallDependenceLowGrayLevelEmphasis,0.481276442310962,0.0104799387686012,Poor
wavelet.HHH_ngtdm_Complexity,0.449485003059775,0.016325902682705,Poor
wavelet.HHH_ngtdm_Contrast,0.839555836468304,3.06387119332693e-07,Good
wavelet.LLL_firstorder_10Percentile,0.835973580753596,3.79649275352684e-07,Good
wavelet.LLL_firstorder_90Percentile,0.961237476393175,1.81967831825685e-13,Excellent
wavelet.LLL_firstorder_Entropy,0.76391220952652,1.21675590455243e-05,Good
wavelet.LLL_firstorder_InterquartileRange,0.6655341395119,0.0002849019544856,Poor
wavelet.LLL_firstorder_Kurtosis,0.80473615129875,2.0311497010734e-06,Good
wavelet.LLL_firstorder_Maximum,0.671850654607673,0.0002410354308426,Poor
wavelet.LLL_firstorder_MeanAbsoluteDeviation,0.677292610137811,0.0002080353165319,Poor
wavelet.LLL_firstorder_Mean,0.9348038303394,3.7793184683756e-11,Excellent
wavelet.LLL_firstorder_Median,0.958078381839297,4.08217756060015e-13,Excellent
wavelet.LLL_firstorder_Minimum,0.673202178114843,0.0002324457435733,Poor
wavelet.LLL_firstorder_Range,0.61591920406162,0.0009365975048303,Poor
wavelet.LLL_firstorder_RobustMeanAbsoluteDeviation,0.670790310452936,0.000247964500006,Poor
wavelet.LLL_firstorder_RootMeanSquared,0.935238142965834,3.5303605378920295e-11,Excellent
wavelet.LLL_firstorder_Skewness,0.819505444554777,9.56460004796974e-07,Good
wavelet.LLL_firstorder_Uniformity,0.786715241392796,4.69354502723493e-06,Good
wavelet.LLL_firstorder_Variance,0.611250009274446,0.0010370817215212,Poor
wavelet.LLL_glcm_Autocorrelation,0.671761644889943,0.00024161060394,Poor
wavelet.LLL_glcm_ClusterProminence,0.716606199533783,6.51434894703181e-05,Poor
wavelet.LLL_glcm_ClusterShade,0.687665280892238,0.0001557935019911,Poor
wavelet.LLL_glcm_ClusterTendency,0.731526405598943,3.98391439676963e-05,Poor
wavelet.LLL_glcm_Contrast,0.802621314564698,2.25075213755968e-06,Good
wavelet.LLL_glcm_Correlation,0.268851279417825,0.109126055276957,Poor
wavelet.LLL_glcm_DifferenceAverage,0.845198169128413,2.16241031769306e-07,Good
wavelet.LLL_glcm_DifferenceEntropy,0.834370607456054,4.17190393976155e-07,Good
wavelet.LLL_glcm_DifferenceVariance,0.777684560441126,6.93519621254226e-06,Good
wavelet.LLL_glcm_Id,0.82324901488624,7.81750571057171e-07,Good
wavelet.LLL_glcm_Idm,0.80689429625681,1.8267856787008e-06,Good
wavelet.LLL_glcm_Idmn,0.811495640665546,1.45065559334335e-06,Good
wavelet.LLL_glcm_Idn,0.851086626592735,1.48082692988167e-07,Good
wavelet.LLL_glcm_Imc1,0.270343759865948,0.107805246835165,Poor
wavelet.LLL_glcm_Imc2,0.209256231709736,0.170686830498682,Poor
wavelet.LLL_glcm_InverseVariance,0.831046469089966,5.05706200315989e-07,Good
wavelet.LLL_glcm_JointAverage,0.664721730309441,0.0002910132384149,Poor
wavelet.LLL_glcm_JointEnergy,0.756490203581306,1.62235469756936e-05,Good
wavelet.LLL_glcm_JointEntropy,0.82851233328287,5.83991839000397e-07,Good
wavelet.LLL_glcm_MCC,0.265310106724182,0.112302675512815,Poor
wavelet.LLL_glcm_MaximumProbability,0.69426361401414,0.0001288277992683,Poor
wavelet.LLL_glcm_SumAverage,0.664721730323344,0.0002910132383094,Poor
wavelet.LLL_glcm_SumEntropy,0.765595055628864,1.13828406808137e-05,Good
wavelet.LLL_glcm_SumSquares,0.75810410222895,1.52528545677554e-05,Good
wavelet.LLL_glrlm_GrayLevelNonUniformity,0.94752965417352,4.1024520150232794e-12,Excellent
wavelet.LLL_glrlm_GrayLevelNonUniformityNormalized,0.782259693818082,5.7035644429687e-06,Good
wavelet.LLL_glrlm_GrayLevelVariance,0.699281178393468,0.0001111218859726,Poor
wavelet.LLL_glrlm_HighGrayLevelRunEmphasis,0.67828325539318,0.0002024676092024,Poor
wavelet.LLL_glrlm_LongRunEmphasis,0.735671831612665,3.45542858412409e-05,Poor
wavelet.LLL_glrlm_LongRunHighGrayLevelEmphasis,0.737978425846466,3.18875029552795e-05,Poor
wavelet.LLL_glrlm_LongRunLowGrayLevelEmphasis,0.303779554122589,0.0809696022554906,Poor
wavelet.LLL_glrlm_LowGrayLevelRunEmphasis,0.343870024166227,0.0554070592232756,Poor
wavelet.LLL_glrlm_RunEntropy,0.716438993911916,6.54921060928099e-05,Poor
wavelet.LLL_glrlm_RunLengthNonUniformityNormalized,0.801490587287551,2.37656104610526e-06,Good
wavelet.LLL_glrlm_RunPercentage,0.777785433199178,6.90570331942874e-06,Good
wavelet.LLL_glrlm_RunVariance,0.706259789579259,9.00190792362558e-05,Poor
wavelet.LLL_glrlm_ShortRunEmphasis,0.788018466033985,4.42962384620187e-06,Good
wavelet.LLL_glrlm_ShortRunHighGrayLevelEmphasis,0.661969862314446,0.0003125587197646,Poor
wavelet.LLL_glrlm_ShortRunLowGrayLevelEmphasis,0.350299469767743,0.0519322060353254,Poor
wavelet.LLL_glszm_GrayLevelNonUniformityNormalized,0.710942617816939,7.78929126159052e-05,Poor
wavelet.LLL_glszm_GrayLevelVariance,0.625051062941016,0.0007637741848357,Poor
wavelet.LLL_glszm_HighGrayLevelZoneEmphasis,0.652902045921216,0.000393531356727,Poor
wavelet.LLL_glszm_LargeAreaEmphasis,0.199305388758738,0.182639024254207,Poor
wavelet.LLL_glszm_LargeAreaHighGrayLevelEmphasis,0.416137475411579,0.0249622813739858,Poor
wavelet.LLL_glszm_LargeAreaLowGrayLevelEmphasis,0.0237232082175643,0.456311582693213,Poor
wavelet.LLL_glszm_LowGrayLevelZoneEmphasis,0.181960898218312,0.204585068053638,Poor
wavelet.LLL_glszm_SizeZoneNonUniformityNormalized,0.847679318503834,1.84710017527772e-07,Good
wavelet.LLL_glszm_SmallAreaEmphasis,0.846408857017786,2.00303306392476e-07,Good
wavelet.LLL_glszm_SmallAreaHighGrayLevelEmphasis,0.539054056811509,0.0041894710678313,Poor
wavelet.LLL_glszm_SmallAreaLowGrayLevelEmphasis,0.112892101041316,0.304849628341644,Poor
wavelet.LLL_glszm_ZoneEntropy,0.339371891688971,0.0579368475002173,Poor
wavelet.LLL_glszm_ZonePercentage,0.861949359146075,7.04569405882767e-08,Good
wavelet.LLL_glszm_ZoneVariance,0.189630535939832,0.194708215722962,Poor
wavelet.LLL_gldm_DependenceEntropy,0.595830609267771,0.0014362548507255,Poor
wavelet.LLL_gldm_DependenceNonUniformityNormalized,0.867003454094707,4.88009313294221e-08,Good
wavelet.LLL_gldm_DependenceVariance,0.621121374831374,0.0008344895694893,Poor
wavelet.LLL_gldm_GrayLevelNonUniformity,0.938384693553185,2.1237484712829e-11,Excellent
wavelet.LLL_gldm_GrayLevelVariance,0.703939682260941,9.66112583573682e-05,Poor
wavelet.LLL_gldm_HighGrayLevelEmphasis,0.67999142433582,0.0001931687221068,Poor
wavelet.LLL_gldm_LargeDependenceEmphasis,0.696400629729955,0.0001210089564026,Poor
wavelet.LLL_gldm_LargeDependenceHighGrayLevelEmphasis,0.856189265503144,1.05254509498976e-07,Good
wavelet.LLL_gldm_LargeDependenceLowGrayLevelEmphasis,0.13302514981548,0.273670047950737,Poor
wavelet.LLL_gldm_LowGrayLevelEmphasis,0.360495639572193,0.0467533178360905,Poor
wavelet.LLL_gldm_SmallDependenceEmphasis,0.869990156608158,3.90031296083853e-08,Good
wavelet.LLL_gldm_SmallDependenceHighGrayLevelEmphasis,0.479447806269327,0.0107623532947684,Poor
wavelet.LLL_gldm_SmallDependenceLowGrayLevelEmphasis,0.427673906531377,0.0216472426884836,Poor
wavelet.LLL_ngtdm_Complexity,0.628898955340321,0.0006995349868015,Poor
wavelet.LLL_ngtdm_Contrast,0.843541745181393,2.39870394979966e-07,Good
